Order ID,Order Date,Region,Category,Sub-Category,Customer Name,Quantity,Discount,Sales,Profit
ORD-1000,2024-10-16,East,Furniture,Bookcases,Customer_63,4,0.0,774.08,259.48
ORD-1001,2023-04-15,East,Technology,Copiers,Customer_9,1,0.0,368.68,84.65
ORD-1002,2023-08-12,West,Technology,Phones,Customer_144,4,0.3,242.06,-34.66
ORD-1003,2023-08-14,South,Technology,Accessories,Customer_2,3,0.3,80.77,5.64
ORD-1004,2023-12-15,North,Furniture,Tables,Customer_87,2,0.0,609.1,137.75
ORD-1005,2024-01-25,East,Office Supplies,Storage,Customer_68,1,0.4,12.05,0.25
ORD-1006,2024-07-03,East,Office Supplies,Binders,Customer_142,5,0.2,1671.6,-77.39
ORD-1007,2024-08-14,West,Technology,Phones,Customer_12,11,0.1,980.99,24.55
ORD-1008,2023-10-24,East,Furniture,Chairs,Customer_98,5,0.4,477.24,-53.72
ORD-1009,2024-10-12,North,Furniture,Bookcases,Customer_91,4,0.15,753.61,13.09
ORD-1010,2024-12-19,East,Technology,Machines,Customer_137,12,0.1,3345.95,39.64
ORD-1011,2023-06-17,South,Office Supplies,Storage,Customer_143,4,0.2,490.08,-0.04
ORD-1012,2023-02-27,West,Furniture,Bookcases,Customer_103,5,0.0,1167.35,333.34
ORD-1013,2023-08-05,North,Furniture,Furnishings,Customer_102,11,0.4,711.74,-82.37
ORD-1014,2023-05-27,North,Furniture,Tables,Customer_144,9,0.15,2297.14,-128.79
ORD-1015,2024-08-21,South,Technology,Copiers,Customer_93,4,0.0,1230.8,124.5
ORD-1016,2024-06-05,South,Furniture,Chairs,Customer_29,3,0.0,125.64,42.05
ORD-1017,2024-11-27,South,Technology,Phones,Customer_99,7,0.4,2029.27,-55.77
ORD-1018,2024-06-25,North,Technology,Phones,Customer_30,11,0.15,1489.08,-60.6
ORD-1019,2024-10-18,North,Furniture,Bookcases,Customer_112,3,0.4,621.49,-85.74
ORD-1020,2023-01-04,North,Technology,Machines,Customer_130,2,0.15,118.66,9.32
ORD-1021,2024-10-16,West,Furniture,Bookcases,Customer_42,9,0.0,241.65,78.0
ORD-1022,2024-09-05,Unknown,Office Supplies,Binders,Customer_29,6,0.15,697.68,89.83
ORD-1023,2023-09-03,East,Furniture,Chairs,Customer_22,12,0.4,1171.73,-133.55
ORD-1024,2023-03-12,West,Furniture,Furnishings,Customer_141,3,0.15,708.62,-10.31
ORD-1025,2024-06-24,South,Furniture,Tables,Customer_80,7,0.2,2716.56,332.89
ORD-1026,2024-03-24,South,Furniture,Tables,Customer_58,2,0.2,752.56,119.24
ORD-1027,2023-01-22,West,Technology,Machines,Customer_2,2,0.0,605.94,197.88
ORD-1028,2023-08-23,East,Furniture,Bookcases,Customer_19,9,0.1,432.22,12.45
ORD-1029,2023-10-13,South,Furniture,Tables,Customer_147,10,0.4,192.96,-33.27
ORD-1030,2023-09-06,Unknown,Office Supplies,Paper,Customer_25,2,0.3,280.63,-30.48
ORD-1031,2023-12-29,South,Office Supplies,Art,Customer_14,11,0.0,4576.88,718.69
ORD-1032,2023-03-04,South,Technology,Accessories,Customer_28,4,0.1,531.58,70.6
ORD-1033,2023-07-14,South,Furniture,Furnishings,Customer_47,5,0.4,237.15,-6.96
ORD-1034,2023-09-13,East,Office Supplies,Binders,Customer_13,11,0.0,511.83,177.13
ORD-1035,2023-04-06,West,Furniture,Furnishings,Customer_125,8,0.1,2796.48,82.82
ORD-1036,2024-02-15,East,Furniture,Furnishings,Customer_1,7,0.15,75.62,13.21
ORD-1037,2024-04-10,North,Office Supplies,Art,Customer_40,4,0.15,1211.62,180.17
ORD-1038,2023-08-11,East,Technology,Phones,Customer_81,1,0.0,387.92,28.01
ORD-1039,2024-08-21,South,Technology,Machines,Customer_15,9,0.0,1670.85,141.62
ORD-1040,2023-07-10,East,Technology,Phones,Customer_61,7,0.0,3030.44,718.18
ORD-1041,2024-08-06,West,Technology,Phones,Customer_21,7,0.2,963.98,-87.66
ORD-1042,2023-09-25,West,Technology,Accessories,Customer_62,5,0.3,568.33,-52.54
ORD-1043,2023-05-15,North,Office Supplies,Storage,Customer_19,1,0.4,220.51,-17.36
ORD-1044,2024-09-28,East,Furniture,Tables,Customer_130,5,0.0,2223.65,426.19
ORD-1045,2023-12-24,East,Furniture,Bookcases,Customer_73,3,0.4,123.48,-6.92
ORD-1046,2024-07-10,North,Technology,Phones,Customer_142,5,0.0,1913.9,417.96
ORD-1047,2023-05-18,North,Furniture,Chairs,Customer_142,3,0.15,988.81,77.26
ORD-1048,2023-10-16,West,Technology,Accessories,Customer_53,11,0.15,2488.41,144.98
ORD-1049,2024-06-01,South,Office Supplies,Binders,Customer_24,11,0.3,172.94,-27.26
ORD-1050,2023-10-11,East,Furniture,Bookcases,Customer_34,11,0.15,237.49,28.72
ORD-1051,2023-06-15,South,Technology,Copiers,Customer_144,1,0.0,164.03,33.23
ORD-1052,2023-03-19,Unknown,Technology,Phones,Customer_95,10,0.0,4547.1,567.42
ORD-1053,2024-03-16,West,Furniture,Bookcases,Customer_94,1,0.2,168.87,19.7
ORD-1054,2023-08-04,West,Technology,Phones,Customer_91,9,0.3,769.29,-128.4
ORD-1055,2024-09-27,West,Furniture,Tables,Customer_46,7,0.0,1063.86,104.65
ORD-1056,2023-07-03,North,Office Supplies,Paper,Customer_69,3,0.0,1396.65,408.43
ORD-1057,2024-01-27,East,Office Supplies,Paper,Customer_52,8,0.2,2050.37,310.5
ORD-1058,2023-11-09,West,Furniture,Chairs,Customer_50,7,0.2,2261.28,-122.17
ORD-1059,2023-10-13,East,Office Supplies,Storage,Customer_131,7,0.2,2505.16,129.77
ORD-1060,2023-01-29,East,Office Supplies,Paper,Customer_149,5,0.0,2028.25,646.66
ORD-1061,2023-04-22,South,Office Supplies,Storage,Customer_112,10,0.0,1658.2,137.66
ORD-1062,2024-01-30,West,Office Supplies,Binders,Customer_112,1,0.1,109.52,10.75
ORD-1063,2024-01-08,South,Furniture,Bookcases,Customer_81,11,0.0,4519.13,1392.88
ORD-1064,2023-11-04,North,Technology,Copiers,Customer_84,7,0.15,79.79,6.64
ORD-1065,2024-07-21,West,Furniture,Furnishings,Customer_98,11,0.0,2359.83,275.23
ORD-1066,2024-09-22,North,Office Supplies,Binders,Customer_78,5,0.1,309.29,22.05
ORD-1067,2024-03-16,North,Office Supplies,Art,Customer_114,11,0.1,4673.1,312.91
ORD-1068,2024-06-07,South,Technology,Machines,Customer_22,5,0.2,1056.84,106.64
ORD-1069,2023-04-06,West,Technology,Accessories,Customer_58,4,0.0,752.72,257.08
ORD-1070,2023-01-26,East,Furniture,Furnishings,Customer_19,8,0.3,2696.96,-308.71
ORD-1071,2024-10-06,West,Technology,Copiers,Customer_127,7,0.1,1597.99,96.3
ORD-1072,2023-06-01,East,Furniture,Furnishings,Customer_57,3,0.4,269.23,-69.71
ORD-1073,2023-02-21,West,Furniture,Furnishings,Customer_35,8,0.2,1975.62,80.61
ORD-1074,2024-03-29,South,Technology,Copiers,Customer_41,12,0.4,253.58,-47.27
ORD-1075,2024-04-05,North,Furniture,Bookcases,Customer_134,8,0.1,3276.36,137.18
ORD-1076,2023-10-09,South,Furniture,Bookcases,Customer_61,5,0.2,324.0,11.93
ORD-1077,2023-11-24,East,Furniture,Tables,Customer_60,7,0.0,3450.79,423.12
ORD-1078,2024-12-24,West,Furniture,Furnishings,Customer_105,6,0.4,1221.66,-50.72
ORD-1079,2024-03-01,East,Furniture,Furnishings,Customer_100,10,0.0,1264.4,339.45
ORD-1080,2024-08-12,South,Office Supplies,Binders,Customer_91,5,0.3,665.74,-0.21
ORD-1081,2024-03-05,West,Office Supplies,Paper,Customer_70,7,0.4,1345.81,-147.05
ORD-1082,2023-01-30,South,Office Supplies,Art,Customer_43,8,0.0,433.92,130.43
ORD-1083,2024-09-29,East,Office Supplies,Binders,Customer_22,11,0.3,1287.29,-172.55
ORD-1084,2023-05-19,South,Furniture,Chairs,Customer_67,7,0.2,167.89,11.29
ORD-1085,2023-08-05,South,Office Supplies,Storage,Customer_98,5,0.3,1197.03,-221.48
ORD-1086,2023-09-16,East,Office Supplies,Binders,Customer_139,1,0.2,208.74,-8.78
ORD-1087,2023-08-18,East,Technology,Phones,Customer_8,4,0.1,1174.07,26.19
ORD-1088,2023-01-21,West,Furniture,Tables,Customer_122,11,0.0,3834.16,636.55
ORD-1089,2024-07-31,West,Office Supplies,Storage,Customer_95,3,0.0,1407.0,128.4
ORD-1090,2023-06-17,North,Furniture,Chairs,Customer_80,10,0.3,1239.84,-193.36
ORD-1091,2024-02-11,West,Furniture,Tables,Customer_27,12,0.15,4723.62,912.61
ORD-1092,2024-12-01,East,Technology,Phones,Customer_89,9,0.3,859.26,6.87
ORD-1093,2024-11-08,North,Furniture,Bookcases,Customer_4,7,0.4,1723.85,-178.31
ORD-1094,2023-04-19,South,Office Supplies,Art,Customer_40,7,0.0,1886.71,231.23
ORD-1095,2024-06-18,Unknown,Technology,Copiers,Customer_120,7,0.15,330.94,65.91
ORD-1096,2023-11-27,West,Furniture,Bookcases,Customer_116,4,0.4,1082.88,-86.71
ORD-1097,2024-08-06,South,Office Supplies,Binders,Customer_127,6,0.0,1056.72,151.33
ORD-1098,2024-05-14,West,Office Supplies,Storage,Customer_88,5,0.15,1554.31,309.51
ORD-1099,2024-07-23,East,Technology,Machines,Customer_22,4,0.3,1245.08,54.74
ORD-1100,2024-05-15,West,Technology,Copiers,Customer_126,8,0.0,2596.8,195.39
ORD-1101,2023-04-06,North,Furniture,Furnishings,Customer_63,5,0.2,356.8,56.93
ORD-1102,2024-04-29,North,Office Supplies,Storage,Customer_91,12,0.4,2211.48,-591.0
ORD-1103,2023-10-05,North,Office Supplies,Paper,Customer_31,12,0.1,644.98,109.03
ORD-1104,2023-11-20,East,Technology,Machines,Customer_50,4,0.4,29.95,-6.64
ORD-1105,2023-10-11,North,Furniture,Tables,Customer_76,4,0.2,892.42,87.07
ORD-1106,2023-07-03,North,Furniture,Tables,Customer_71,1,0.0,329.46,137.75
ORD-1107,2024-07-20,North,Technology,Machines,Customer_126,2,0.0,717.94,87.0
ORD-1108,2024-08-10,North,Office Supplies,Art,Customer_113,6,0.0,1016.7,278.52
ORD-1109,2023-02-22,North,Office Supplies,Binders,Customer_17,7,0.4,1378.94,-21.01
ORD-1110,2023-03-17,East,Furniture,Tables,Customer_145,5,0.0,1661.15,366.27
ORD-1111,2023-09-12,East,Technology,Copiers,Customer_58,9,0.3,352.17,-28.06
ORD-1112,2024-04-06,South,Office Supplies,Art,Customer_79,10,0.0,1399.5,172.41
ORD-1113,2024-09-16,East,Furniture,Tables,Customer_68,11,0.0,5354.58,899.19
ORD-1114,2023-06-10,West,Furniture,Chairs,Customer_41,1,0.3,312.97,-0.21
ORD-1115,2024-04-06,South,Office Supplies,Binders,Customer_60,5,0.15,1697.7,137.16
ORD-1116,2024-12-20,South,Furniture,Tables,Customer_68,11,0.1,2897.53,341.2
ORD-1117,2024-03-11,East,Technology,Machines,Customer_39,5,0.0,528.35,140.93
ORD-1118,2023-03-15,East,Furniture,Bookcases,Customer_146,5,0.4,442.74,-116.31
ORD-1119,2023-05-08,South,Technology,Accessories,Customer_104,5,0.4,978.84,-212.28
ORD-1120,2024-03-24,East,Technology,Phones,Customer_111,12,0.2,4519.87,796.3
ORD-1121,2024-09-10,North,Furniture,Chairs,Customer_59,11,0.0,5041.08,811.85
ORD-1122,2024-11-19,North,Technology,Phones,Customer_45,8,0.4,84.34,0.72
ORD-1123,2023-10-12,West,Technology,Copiers,Customer_126,2,0.4,263.77,5.27
ORD-1124,2023-12-23,South,Office Supplies,Storage,Customer_27,3,0.2,1157.21,168.84
ORD-1125,2024-02-26,South,Office Supplies,Art,Customer_141,1,0.4,92.57,-14.3
ORD-1126,2023-04-01,North,Office Supplies,Storage,Customer_30,7,0.0,2989.42,433.69
ORD-1127,2024-11-04,South,Office Supplies,Binders,Customer_49,9,0.2,669.96,38.21
ORD-1128,2024-09-29,South,Technology,Copiers,Customer_14,4,0.15,1593.65,221.21
ORD-1129,2024-07-16,West,Office Supplies,Art,Customer_125,2,0.0,578.66,45.8
ORD-1130,2024-10-07,West,Technology,Machines,Customer_80,9,0.0,2802.15,972.39
ORD-1131,2024-07-19,South,Furniture,Tables,Customer_30,8,0.0,629.12,129.28
ORD-1132,2024-10-25,West,Office Supplies,Storage,Customer_131,12,0.15,4487.08,683.07
ORD-1133,2024-03-01,South,Office Supplies,Paper,Customer_117,9,0.0,3163.86,824.96
ORD-1134,2024-01-28,West,Technology,Machines,Customer_18,5,0.3,651.52,-66.4
ORD-1135,2023-12-15,North,Furniture,Bookcases,Customer_77,10,0.4,2439.54,-65.78
ORD-1136,2023-06-02,South,Technology,Copiers,Customer_89,6,0.3,1826.45,153.37
ORD-1137,2024-04-11,North,Furniture,Tables,Customer_147,7,0.1,1641.53,197.73
ORD-1138,2024-02-25,East,Office Supplies,Art,Customer_98,7,0.0,2808.12,687.96
ORD-1139,2024-05-22,East,Furniture,Bookcases,Customer_26,8,0.0,2831.68,817.61
ORD-1140,2024-06-22,South,Furniture,Tables,Customer_105,11,0.0,4907.1,742.93
ORD-1141,2023-03-18,Unknown,Office Supplies,Storage,Customer_102,11,0.0,2134.44,166.9
ORD-1142,2023-12-03,South,Office Supplies,Art,Customer_139,1,0.0,293.36,17.83
ORD-1143,2023-08-29,North,Furniture,Chairs,Customer_112,2,0.0,476.28,101.35
ORD-1144,2024-03-30,West,Technology,Accessories,Customer_8,1,0.2,120.33,8.09
ORD-1145,2023-02-27,North,Office Supplies,Storage,Customer_111,3,0.1,67.36,-1.27
ORD-1146,2024-06-27,South,Technology,Machines,Customer_44,3,0.0,1239.21,195.87
ORD-1147,2024-09-16,South,Technology,Machines,Customer_128,10,0.0,722.6,149.34
ORD-1148,2023-08-26,South,Technology,Accessories,Customer_118,5,0.0,1936.5,222.21
ORD-1149,2024-04-21,North,Technology,Machines,Customer_19,8,0.2,2017.41,-170.26
ORD-1150,2024-08-24,North,Technology,Copiers,Customer_65,8,0.15,240.18,21.47
ORD-1151,2023-07-23,South,Office Supplies,Binders,Customer_61,7,0.2,1539.5,125.05
ORD-1152,2024-08-11,North,Technology,Accessories,Customer_6,11,0.3,2816.51,289.41
ORD-1153,2023-10-09,East,Technology,Phones,Customer_128,5,0.1,1183.46,79.16
ORD-1154,2024-09-13,North,Furniture,Tables,Customer_65,11,0.0,4396.04,576.98
ORD-1155,2024-10-05,East,Technology,Phones,Customer_80,8,0.0,1800.8,132.43
ORD-1156,2024-08-16,North,Technology,Machines,Customer_24,5,0.2,89.68,16.03
ORD-1157,2024-03-01,West,Furniture,Tables,Customer_139,6,0.15,2140.11,297.03
ORD-1158,2023-06-18,North,Office Supplies,Storage,Customer_87,2,0.4,252.47,-55.04
ORD-1159,2023-03-19,West,Furniture,Furnishings,Customer_143,6,0.0,519.9,65.03
ORD-1160,2024-02-09,East,Office Supplies,Binders,Customer_117,6,0.15,1423.51,205.52
ORD-1161,2024-08-21,South,Technology,Accessories,Customer_28,11,0.1,3301.65,178.22
ORD-1162,2024-04-27,East,Technology,Accessories,Customer_57,11,0.0,5256.68,1426.5
ORD-1163,2024-10-12,South,Technology,Accessories,Customer_105,2,0.0,563.26,131.53
ORD-1164,2023-02-16,East,Office Supplies,Art,Customer_30,2,0.1,388.08,17.2
ORD-1165,2024-07-04,West,Office Supplies,Art,Customer_95,11,0.3,1420.11,53.05
ORD-1166,2024-08-24,West,Office Supplies,Binders,Customer_126,10,0.3,119.35,-18.52
ORD-1167,2023-10-14,East,Technology,Accessories,Customer_56,8,0.4,156.19,-40.26
ORD-1168,2023-08-30,North,Furniture,Bookcases,Customer_140,11,0.2,3776.78,381.82
ORD-1169,2023-03-04,South,Office Supplies,Paper,Customer_32,8,0.0,1938.8,153.84
ORD-1170,2024-11-09,West,Technology,Phones,Customer_13,6,0.1,1354.81,151.79
ORD-1171,2023-05-09,West,Furniture,Tables,Customer_56,4,0.2,303.58,6.12
ORD-1172,2023-06-01,East,Office Supplies,Paper,Customer_34,9,0.15,1570.32,180.2
ORD-1173,2023-06-28,East,Technology,Phones,Customer_34,1,0.2,256.96,-24.77
ORD-1174,2023-09-01,North,Furniture,Tables,Customer_68,1,0.0,193.56,46.02
ORD-1175,2024-03-07,East,Technology,Phones,Customer_122,8,0.2,1641.86,241.27
ORD-1176,2024-06-09,East,Office Supplies,Paper,Customer_12,12,0.15,3394.15,-71.68
ORD-1177,2024-04-14,East,Furniture,Furnishings,Customer_103,7,0.0,312.06,75.75
ORD-1178,2024-05-17,South,Furniture,Chairs,Customer_83,10,0.0,229.9,51.9
ORD-1179,2023-03-09,West,Office Supplies,Storage,Customer_98,10,0.15,4001.03,410.67
ORD-1180,2024-04-09,South,Furniture,Chairs,Customer_142,12,0.1,2162.16,352.4
ORD-1181,2024-03-16,South,Furniture,Furnishings,Customer_87,8,0.3,1313.42,-34.56
ORD-1182,2024-03-01,East,Office Supplies,Art,Customer_81,11,0.15,4406.84,201.97
ORD-1183,2024-01-19,West,Technology,Copiers,Customer_18,2,0.0,961.96,309.37
ORD-1184,2023-04-06,South,Furniture,Bookcases,Customer_34,9,0.0,953.46,67.51
ORD-1185,2024-08-23,North,Technology,Phones,Customer_106,6,0.3,249.4,-46.02
ORD-1186,2023-02-22,North,Technology,Accessories,Customer_91,2,0.1,101.3,17.72
ORD-1187,2023-06-08,South,Furniture,Chairs,Customer_90,9,0.2,323.14,-4.62
ORD-1188,2023-04-28,North,Technology,Machines,Customer_110,9,0.0,3815.91,217.44
ORD-1189,2024-09-15,North,Furniture,Tables,Customer_70,12,0.15,4172.72,60.74
ORD-1190,2023-12-14,North,Furniture,Tables,Customer_37,10,0.3,475.3,9.04
ORD-1191,2023-03-13,West,Technology,Phones,Customer_24,12,0.1,3436.34,801.5
ORD-1192,2024-01-21,South,Office Supplies,Storage,Customer_41,6,0.15,1887.92,322.92
ORD-1193,2023-11-29,East,Furniture,Tables,Customer_41,10,0.0,1482.0,152.99
ORD-1194,2024-11-21,East,Office Supplies,Art,Customer_109,8,0.4,1813.44,-50.68
ORD-1195,2024-02-29,North,Furniture,Chairs,Customer_89,7,0.0,3467.45,602.59
ORD-1196,2023-10-18,South,Technology,Accessories,Customer_12,4,0.3,538.41,23.11
ORD-1197,2024-09-05,East,Furniture,Tables,Customer_78,4,0.0,707.96,233.08
ORD-1198,2023-09-19,North,Office Supplies,Binders,Customer_2,8,0.3,2411.47,-147.83
ORD-1199,2023-06-29,West,Office Supplies,Paper,Customer_129,9,0.2,2721.1,316.63
ORD-1200,2023-03-15,South,Technology,Phones,Customer_112,1,0.4,36.32,0.03
ORD-1201,2023-03-21,North,Technology,Copiers,Customer_147,7,0.3,1262.09,73.12
ORD-1202,2023-10-24,East,Office Supplies,Binders,Customer_84,3,0.4,300.28,-0.4
ORD-1203,2024-12-07,North,Furniture,Furnishings,Customer_28,4,0.3,561.99,-104.95
ORD-1204,2024-08-26,South,Technology,Phones,Customer_102,5,0.2,1814.56,-149.91
ORD-1205,2023-08-15,North,Furniture,Chairs,Customer_131,11,0.0,1831.06,613.44
ORD-1206,2024-06-27,West,Office Supplies,Storage,Customer_38,4,0.0,1903.2,422.57
ORD-1207,2023-05-30,North,Furniture,Tables,Customer_40,11,0.0,3515.6,648.75
ORD-1208,2023-07-01,South,Office Supplies,Art,Customer_145,11,0.2,1352.3,-15.42
ORD-1209,2024-10-04,North,Furniture,Furnishings,Customer_18,8,0.4,1629.74,-72.18
ORD-1210,2024-10-08,North,Office Supplies,Binders,Customer_91,9,0.0,3580.83,1027.29
ORD-1211,2023-11-14,South,Office Supplies,Binders,Customer_15,6,0.15,278.92,21.85
ORD-1212,2023-03-20,East,Technology,Copiers,Customer_119,10,0.0,382.0,82.08
ORD-1213,2024-04-05,West,Office Supplies,Art,Customer_129,3,0.0,679.05,214.79
ORD-1214,2024-04-06,East,Office Supplies,Binders,Customer_130,11,0.0,2001.45,170.36
ORD-1215,2023-02-10,West,Technology,Copiers,Customer_113,9,0.0,720.63,200.66
ORD-1216,2024-01-08,North,Office Supplies,Art,Customer_105,6,0.0,1877.58,150.84
ORD-1217,2024-10-08,North,Furniture,Bookcases,Customer_25,9,0.3,322.62,6.55
ORD-1218,2023-10-18,North,Technology,Machines,Customer_86,2,0.0,91.3,27.08
ORD-1219,2023-12-25,North,Technology,Copiers,Customer_34,10,0.0,3560.6,264.93
ORD-1220,2023-11-14,South,Technology,Accessories,Customer_33,11,0.0,567.27,196.27
ORD-1221,2024-10-23,South,Technology,Accessories,Customer_5,6,0.15,986.29,40.63
ORD-1222,2023-07-04,West,Office Supplies,Art,Customer_50,4,0.0,1633.08,545.73
ORD-1223,2023-06-08,East,Office Supplies,Binders,Customer_130,9,0.0,4438.26,1225.02
ORD-1224,2024-11-08,North,Technology,Machines,Customer_97,3,0.0,583.11,43.76
ORD-1225,2023-07-05,West,Technology,Copiers,Customer_12,7,0.2,2188.48,125.88
ORD-1226,2024-11-23,West,Office Supplies,Storage,Customer_115,4,0.1,784.33,189.73
ORD-1227,2023-11-13,South,Furniture,Bookcases,Customer_147,8,0.4,309.55,-37.83
ORD-1228,2023-10-16,South,Technology,Copiers,Customer_42,4,0.0,62.24,11.86
ORD-1229,2023-09-14,East,Technology,Copiers,Customer_96,9,0.0,338.31,28.97
ORD-1230,2024-12-29,East,Office Supplies,Binders,Customer_42,5,0.4,202.77,-15.26
ORD-1231,2024-06-09,West,Office Supplies,Binders,Customer_57,8,0.2,2403.58,156.26
ORD-1232,2023-01-28,South,Furniture,Furnishings,Customer_129,6,0.1,2599.88,214.39
ORD-1233,2024-01-31,East,Office Supplies,Paper,Customer_8,6,0.0,900.0,279.52
ORD-1234,2024-10-27,Unknown,Furniture,Tables,Customer_10,5,0.4,358.68,6.8
ORD-1235,2024-12-13,West,Technology,Copiers,Customer_115,10,0.0,159.6,54.42
ORD-1236,2023-03-23,East,Office Supplies,Paper,Customer_39,9,0.3,196.24,15.18
ORD-1237,2023-04-24,North,Furniture,Bookcases,Customer_32,1,0.1,241.71,64.75
ORD-1238,2024-03-05,South,Furniture,Chairs,Customer_128,10,0.0,461.6,99.78
ORD-1239,2024-10-09,West,Technology,Machines,Customer_75,7,0.0,3394.72,702.47
ORD-1240,2024-09-21,North,Furniture,Furnishings,Customer_48,11,0.0,3502.51,906.19
ORD-1241,2024-06-20,North,Furniture,Chairs,Customer_100,8,0.0,1861.84,443.62
ORD-1242,2024-10-12,South,Office Supplies,Storage,Customer_5,6,0.0,1777.86,569.53
ORD-1243,2023-12-20,West,Technology,Phones,Customer_149,12,0.2,309.79,-7.97
ORD-1244,2023-05-17,East,Office Supplies,Storage,Customer_45,11,0.4,3139.62,-9.17
ORD-1245,2024-12-13,South,Technology,Machines,Customer_35,2,0.4,279.92,-23.5
ORD-1246,2023-02-07,North,Furniture,Chairs,Customer_52,1,0.2,116.74,-6.25
ORD-1247,2023-11-14,South,Technology,Copiers,Customer_65,1,0.1,213.49,16.23
ORD-1248,2023-10-20,North,Furniture,Bookcases,Customer_70,2,0.2,473.58,-41.05
ORD-1249,2024-03-23,South,Technology,Copiers,Customer_99,6,0.0,2924.7,1011.55
ORD-1250,2024-05-23,South,Office Supplies,Storage,Customer_22,12,0.3,2957.64,-86.28
ORD-1251,2023-03-22,South,Technology,Machines,Customer_140,5,0.2,646.68,86.74
ORD-1252,2023-04-16,East,Office Supplies,Storage,Customer_79,8,0.3,1934.91,-273.24
ORD-1253,2023-06-20,South,Office Supplies,Art,Customer_11,12,0.2,4380.96,599.15
ORD-1254,2024-09-21,South,Office Supplies,Binders,Customer_20,11,0.3,3660.58,101.46
ORD-1255,2024-01-08,West,Furniture,Tables,Customer_113,1,0.0,310.57,54.5
ORD-1256,2023-03-10,West,Technology,Accessories,Customer_93,7,0.0,3269.28,1012.89
ORD-1257,2024-09-11,West,Technology,Copiers,Customer_95,6,0.4,115.78,-30.34
ORD-1258,2023-03-20,West,Technology,Accessories,Customer_102,6,0.15,991.8,171.75
ORD-1259,2023-09-13,East,Furniture,Tables,Customer_128,9,0.3,3110.75,-450.67
ORD-1260,2024-07-29,East,Office Supplies,Storage,Customer_115,4,0.15,1023.81,45.32
ORD-1261,2024-12-11,South,Furniture,Chairs,Customer_35,2,0.4,582.31,-10.11
ORD-1262,2023-06-26,South,Furniture,Bookcases,Customer_89,12,0.0,5049.36,137.75
ORD-1263,2024-07-17,Unknown,Office Supplies,Paper,Customer_45,6,0.1,1151.6,59.91
ORD-1264,2023-05-05,West,Furniture,Tables,Customer_127,1,0.2,30.1,4.5
ORD-1265,2024-07-21,North,Office Supplies,Paper,Customer_23,2,0.15,694.14,159.59
ORD-1266,2024-02-12,South,Technology,Copiers,Customer_105,10,0.0,4983.5,1079.57
ORD-1267,2023-05-09,North,Technology,Phones,Customer_116,8,0.2,2475.52,158.19
ORD-1268,2023-05-12,West,Furniture,Furnishings,Customer_129,1,0.0,426.33,52.95
ORD-1269,2024-06-14,West,Office Supplies,Paper,Customer_42,6,0.1,1246.16,10.9
ORD-1270,2023-12-21,North,Furniture,Bookcases,Customer_51,11,0.15,4464.53,499.37
ORD-1271,2023-05-09,North,Technology,Phones,Customer_129,11,0.0,1342.33,337.61
ORD-1272,2024-08-29,West,Furniture,Bookcases,Customer_145,1,0.0,312.88,49.26
ORD-1273,2023-03-25,East,Technology,Accessories,Customer_54,10,0.3,459.48,5.27
ORD-1274,2024-09-24,East,Office Supplies,Storage,Customer_78,8,0.1,1907.64,384.76
ORD-1275,2024-12-02,South,Office Supplies,Art,Customer_19,12,0.0,3178.56,971.54
ORD-1276,2023-06-11,South,Office Supplies,Art,Customer_119,4,0.2,897.38,52.3
ORD-1277,2024-09-13,West,Office Supplies,Storage,Customer_89,7,0.0,3076.92,526.29
ORD-1278,2024-01-15,East,Office Supplies,Paper,Customer_120,2,0.15,128.64,-7.89
ORD-1279,2024-04-05,West,Furniture,Chairs,Customer_13,5,0.3,1330.07,-5.2
ORD-1280,2024-09-22,South,Furniture,Tables,Customer_84,10,0.2,2840.0,-130.95
ORD-1281,2023-07-14,West,Office Supplies,Art,Customer_128,5,0.4,230.46,-61.22
ORD-1282,2023-01-24,East,Office Supplies,Art,Customer_62,4,0.2,581.73,38.96
ORD-1283,2023-02-19,East,Office Supplies,Art,Customer_121,5,0.0,1011.0,183.24
ORD-1284,2023-04-21,South,Furniture,Bookcases,Customer_94,7,0.2,2537.02,-14.01
ORD-1285,2023-02-16,South,Furniture,Tables,Customer_93,9,0.15,2003.15,330.71
ORD-1286,2023-03-17,South,Technology,Copiers,Customer_141,5,0.0,1021.55,241.73
ORD-1287,2023-05-12,East,Office Supplies,Storage,Customer_87,9,0.2,3114.43,544.58
ORD-1288,2023-05-28,West,Technology,Copiers,Customer_129,1,0.0,82.07,26.92
ORD-1289,2023-02-09,West,Technology,Accessories,Customer_122,9,0.4,1356.16,-261.1
ORD-1290,2023-06-02,West,Office Supplies,Storage,Customer_42,7,0.15,1398.13,313.19
ORD-1291,2024-08-30,North,Technology,Copiers,Customer_145,5,0.4,754.14,-129.24
ORD-1292,2023-01-18,North,Office Supplies,Binders,Customer_107,10,0.15,2723.14,5.57
ORD-1293,2024-12-05,East,Technology,Copiers,Customer_68,11,0.1,466.98,4.05
ORD-1294,2023-02-22,South,Furniture,Furnishings,Customer_38,11,0.1,720.13,11.21
ORD-1295,2023-02-02,East,Furniture,Chairs,Customer_113,6,0.3,327.73,0.74
ORD-1296,2023-06-05,South,Technology,Machines,Customer_106,9,0.4,535.25,-89.01
ORD-1297,2023-03-05,West,Technology,Machines,Customer_144,6,0.4,1617.95,-206.79
ORD-1298,2024-06-22,South,Office Supplies,Paper,Customer_118,9,0.2,2427.12,-141.51
ORD-1299,2024-07-13,North,Technology,Accessories,Customer_124,4,0.1,375.19,-6.66
ORD-1300,2023-10-13,North,Furniture,Bookcases,Customer_74,12,0.1,1002.02,53.69
ORD-1301,2024-12-07,South,Office Supplies,Art,Customer_90,9,0.15,740.06,-32.11
ORD-1302,2023-10-22,East,Technology,Copiers,Customer_102,6,0.0,414.66,78.05
ORD-1303,2023-10-25,East,Office Supplies,Binders,Customer_89,8,0.15,755.48,29.68
ORD-1304,2024-05-05,West,Furniture,Bookcases,Customer_144,12,0.15,2618.03,358.98
ORD-1305,2023-05-21,East,Technology,Machines,Customer_63,1,0.1,26.33,5.52
ORD-1306,2024-10-15,West,Furniture,Chairs,Customer_106,6,0.4,1143.61,-280.72
ORD-1307,2023-04-13,West,Furniture,Tables,Customer_105,11,0.4,2891.13,18.1
ORD-1308,2024-05-03,West,Office Supplies,Storage,Customer_74,11,0.0,439.23,58.45
ORD-1309,2023-04-02,West,Technology,Phones,Customer_45,7,0.0,2835.28,778.22
ORD-1310,2023-02-07,South,Office Supplies,Paper,Customer_75,1,0.0,100.42,11.33
ORD-1311,2023-11-02,East,Office Supplies,Storage,Customer_117,11,0.4,1264.1,-157.56
ORD-1312,2023-05-18,South,Office Supplies,Paper,Customer_29,6,0.0,1877.64,301.69
ORD-1313,2024-04-14,North,Technology,Machines,Customer_4,12,0.2,2271.74,259.53
ORD-1314,2023-10-30,Unknown,Furniture,Furnishings,Customer_110,9,0.2,201.38,-6.9
ORD-1315,2023-03-30,South,Technology,Phones,Customer_48,3,0.4,647.17,-0.93
ORD-1316,2023-11-28,West,Furniture,Bookcases,Customer_99,4,0.4,625.73,-69.06
ORD-1317,2023-10-01,North,Office Supplies,Binders,Customer_67,11,0.2,550.09,13.33
ORD-1318,2024-12-10,West,Furniture,Chairs,Customer_120,5,0.0,1354.9,166.3
ORD-1319,2024-02-20,North,Technology,Phones,Customer_76,6,0.1,766.42,63.75
ORD-1320,2023-08-13,West,Office Supplies,Paper,Customer_117,12,0.2,190.37,-2.55
ORD-1321,2024-03-01,South,Technology,Machines,Customer_64,11,0.0,1249.71,185.27
ORD-1322,2024-06-22,South,Technology,Accessories,Customer_20,10,0.0,686.8,217.82
ORD-1323,2023-03-05,West,Technology,Machines,Customer_43,6,0.4,1083.1,-71.78
ORD-1324,2023-04-30,West,Technology,Copiers,Customer_24,9,0.4,2142.13,-258.06
ORD-1325,2023-02-26,South,Furniture,Furnishings,Customer_117,10,0.0,525.9,111.03
ORD-1326,2024-07-26,South,Technology,Accessories,Customer_6,7,0.15,1770.42,271.99
ORD-1327,2023-01-04,West,Technology,Phones,Customer_12,7,0.2,1240.46,-88.97
ORD-1328,2024-12-18,East,Technology,Phones,Customer_18,8,0.0,1192.4,189.5
ORD-1329,2023-10-21,South,Furniture,Tables,Customer_108,6,0.3,1371.3,137.75
ORD-1330,2024-04-04,South,Office Supplies,Binders,Customer_139,3,0.2,442.78,82.34
ORD-1331,2023-05-02,West,Technology,Copiers,Customer_136,3,0.1,828.44,34.11
ORD-1332,2023-01-04,East,Office Supplies,Art,Customer_140,7,0.3,293.36,-42.29
ORD-1333,2023-08-24,West,Office Supplies,Storage,Customer_40,5,0.1,587.34,10.69
ORD-1334,2023-04-26,East,Technology,Copiers,Customer_5,4,0.1,365.11,20.27
ORD-1335,2023-03-10,East,Technology,Phones,Customer_115,10,0.0,949.5,302.92
ORD-1336,2023-09-08,East,Office Supplies,Art,Customer_60,9,0.1,399.41,50.87
ORD-1337,2023-02-27,West,Technology,Accessories,Customer_60,12,0.2,2026.46,374.31
ORD-1338,2024-08-14,North,Furniture,Bookcases,Customer_37,11,0.1,642.51,57.41
ORD-1339,2024-02-28,North,Office Supplies,Binders,Customer_143,10,0.0,4850.4,1501.94
ORD-1340,2024-10-03,South,Technology,Copiers,Customer_13,6,0.3,1723.55,-194.12
ORD-1341,2024-06-21,North,Technology,Copiers,Customer_105,3,0.15,239.01,31.21
ORD-1342,2024-01-21,West,Technology,Copiers,Customer_62,4,0.15,1582.33,153.53
ORD-1343,2024-12-25,West,Office Supplies,Binders,Customer_144,7,0.3,1421.44,-150.68
ORD-1344,2024-07-24,West,Office Supplies,Paper,Customer_66,4,0.2,1238.56,-66.74
ORD-1345,2024-10-24,East,Office Supplies,Storage,Customer_24,9,0.1,1365.66,133.33
ORD-1346,2023-02-22,North,Office Supplies,Binders,Customer_19,4,0.1,931.43,39.79
ORD-1347,2024-05-05,West,Office Supplies,Storage,Customer_4,4,0.1,238.57,36.55
ORD-1348,2023-05-01,Unknown,Furniture,Tables,Customer_102,4,0.2,484.58,31.19
ORD-1349,2023-10-17,South,Office Supplies,Storage,Customer_79,5,0.2,342.56,11.76
ORD-1350,2024-06-09,South,Office Supplies,Binders,Customer_121,6,0.1,1463.24,-21.15
ORD-1351,2024-01-15,North,Office Supplies,Binders,Customer_145,4,0.0,699.76,63.21
ORD-1352,2023-01-17,Unknown,Technology,Copiers,Customer_76,3,0.1,110.83,29.59
ORD-1353,2023-12-04,West,Office Supplies,Paper,Customer_128,9,0.2,1209.24,160.78
ORD-1354,2023-09-21,South,Technology,Copiers,Customer_118,3,0.2,323.45,30.55
ORD-1355,2023-06-23,West,Technology,Copiers,Customer_48,9,0.0,3442.59,787.29
ORD-1356,2024-06-20,East,Furniture,Chairs,Customer_2,7,0.0,1687.49,292.87
ORD-1357,2024-10-07,West,Furniture,Tables,Customer_3,4,0.4,434.28,3.85
ORD-1358,2024-01-18,East,Technology,Copiers,Customer_125,1,0.0,417.0,141.57
ORD-1359,2024-06-28,South,Furniture,Chairs,Customer_136,12,0.15,723.28,107.96
ORD-1360,2024-07-02,North,Furniture,Furnishings,Customer_46,2,0.0,939.58,98.06
ORD-1361,2024-06-20,West,Furniture,Tables,Customer_135,5,0.2,170.32,19.13
ORD-1362,2023-10-01,South,Furniture,Bookcases,Customer_104,8,0.1,2098.73,467.07
ORD-1363,2024-12-14,West,Office Supplies,Binders,Customer_9,2,0.3,109.89,5.34
ORD-1364,2024-01-24,South,Technology,Copiers,Customer_15,11,0.0,1196.8,118.6
ORD-1365,2024-12-20,West,Furniture,Furnishings,Customer_112,11,0.2,796.31,107.0
ORD-1366,2024-08-02,East,Technology,Phones,Customer_59,4,0.4,806.28,-91.17
ORD-1367,2023-10-05,East,Furniture,Bookcases,Customer_140,10,0.0,1858.3,581.95
ORD-1368,2023-07-03,North,Furniture,Tables,Customer_37,12,0.3,1699.32,93.43
ORD-1369,2023-03-20,North,Furniture,Tables,Customer_146,7,0.2,1261.01,3.89
ORD-1370,2024-01-29,West,Technology,Phones,Customer_129,12,0.2,2272.42,-44.51
ORD-1371,2023-02-24,East,Office Supplies,Paper,Customer_20,6,0.3,1580.59,-61.93
ORD-1372,2023-12-01,East,Technology,Accessories,Customer_116,8,0.1,891.22,213.78
ORD-1373,2023-12-31,South,Office Supplies,Paper,Customer_150,11,0.3,1525.45,-41.09
ORD-1374,2023-03-29,North,Furniture,Chairs,Customer_22,5,0.0,2270.85,538.81
ORD-1375,2024-01-25,West,Technology,Copiers,Customer_82,6,0.0,403.68,134.0
ORD-1376,2023-04-04,East,Office Supplies,Art,Customer_93,5,0.0,1587.9,238.93
ORD-1377,2023-05-16,East,Furniture,Furnishings,Customer_115,9,0.3,492.91,23.76
ORD-1378,2023-04-16,East,Furniture,Bookcases,Customer_142,2,0.2,502.14,25.13
ORD-1379,2024-01-30,East,Office Supplies,Art,Customer_100,2,0.1,806.42,166.59
ORD-1380,2024-08-08,West,Technology,Copiers,Customer_44,3,0.15,215.02,5.06
ORD-1381,2023-11-05,North,Office Supplies,Paper,Customer_17,3,0.3,276.7,9.18
ORD-1382,2023-10-10,South,Office Supplies,Art,Customer_20,6,0.15,134.79,13.61
ORD-1383,2023-09-10,South,Technology,Machines,Customer_118,2,0.0,767.2,240.16
ORD-1384,2023-11-08,East,Office Supplies,Storage,Customer_98,6,0.4,639.43,-15.11
ORD-1385,2023-12-09,South,Technology,Machines,Customer_77,6,0.1,346.73,77.65
ORD-1386,2024-05-05,North,Furniture,Furnishings,Customer_82,5,0.4,217.41,-32.79
ORD-1387,2024-08-12,West,Office Supplies,Art,Customer_72,7,0.2,2243.75,-145.9
ORD-1388,2023-04-27,West,Technology,Machines,Customer_141,1,0.4,73.4,-3.91
ORD-1389,2024-12-26,West,Office Supplies,Storage,Customer_18,7,0.4,1523.84,-118.33
ORD-1390,2023-05-23,North,Furniture,Bookcases,Customer_40,12,0.3,2940.25,-79.92
ORD-1391,2024-01-22,East,Office Supplies,Art,Customer_150,7,0.3,653.56,-56.4
ORD-1392,2024-07-10,East,Office Supplies,Binders,Customer_28,4,0.2,316.74,51.48
ORD-1393,2023-06-20,East,Technology,Copiers,Customer_85,7,0.0,2071.02,352.6
ORD-1394,2023-01-11,East,Office Supplies,Paper,Customer_131,12,0.1,2552.9,648.91
ORD-1395,2024-04-01,North,Office Supplies,Art,Customer_129,3,0.2,204.34,13.46
ORD-1396,2023-01-26,South,Furniture,Bookcases,Customer_107,2,0.0,515.78,120.4
ORD-1397,2023-05-26,North,Office Supplies,Storage,Customer_117,4,0.4,45.29,-0.38
ORD-1398,2023-12-23,South,Furniture,Furnishings,Customer_116,6,0.0,2800.44,614.81
ORD-1399,2023-11-04,East,Technology,Phones,Customer_6,6,0.0,2108.16,688.84
ORD-1400,2024-11-24,West,Technology,Machines,Customer_133,3,0.0,1069.65,102.43
ORD-1401,2023-12-05,South,Office Supplies,Paper,Customer_104,11,0.0,3216.18,746.2
ORD-1402,2023-07-10,South,Office Supplies,Binders,Customer_51,8,0.3,1219.79,37.73
ORD-1403,2024-02-03,East,Technology,Machines,Customer_53,5,0.0,2339.2,766.49
ORD-1404,2024-08-14,East,Technology,Machines,Customer_94,6,0.1,1246.91,4.95
ORD-1405,2024-04-13,East,Office Supplies,Art,Customer_136,11,0.2,4334.62,614.08
ORD-1406,2024-09-03,South,Technology,Copiers,Customer_30,6,0.2,341.18,56.72
ORD-1407,2024-04-13,West,Technology,Accessories,Customer_22,11,0.0,4798.75,986.87
ORD-1408,2023-11-17,East,Furniture,Bookcases,Customer_30,3,0.2,719.33,6.98
ORD-1409,2024-12-11,West,Technology,Copiers,Customer_108,10,0.0,368.3,55.45
ORD-1410,2024-08-11,South,Office Supplies,Paper,Customer_125,11,0.0,4437.4,151.33
ORD-1411,2024-07-22,Unknown,Office Supplies,Storage,Customer_36,3,0.2,416.18,3.93
ORD-1412,2024-04-06,East,Office Supplies,Binders,Customer_125,3,0.1,737.96,181.51
ORD-1413,2024-01-29,South,Office Supplies,Art,Customer_107,12,0.4,1293.91,-214.68
ORD-1414,2024-05-15,West,Furniture,Chairs,Customer_57,5,0.0,1856.9,344.76
ORD-1415,2023-10-09,West,Technology,Accessories,Customer_44,8,0.4,576.29,-77.38
ORD-1416,2024-07-16,East,Technology,Phones,Customer_69,9,0.2,568.94,-32.48
ORD-1417,2024-07-09,East,Technology,Copiers,Customer_140,4,0.3,711.76,-45.78
ORD-1418,2023-04-15,West,Office Supplies,Binders,Customer_116,5,0.2,1833.08,-2.35
ORD-1419,2023-03-31,South,Furniture,Tables,Customer_54,12,0.2,2827.1,225.26
ORD-1420,2024-12-28,South,Furniture,Tables,Customer_53,4,0.0,65.68,16.36
ORD-1421,2024-08-06,North,Technology,Accessories,Customer_138,3,0.2,233.38,41.62
ORD-1422,2024-12-21,North,Office Supplies,Storage,Customer_132,11,0.0,911.24,158.91
ORD-1423,2023-05-19,South,Furniture,Bookcases,Customer_33,12,0.0,621.84,217.06
ORD-1424,2023-09-13,West,Technology,Accessories,Customer_64,11,0.3,1971.82,-22.45
ORD-1425,2024-05-16,West,Technology,Accessories,Customer_107,7,0.4,180.05,-8.1
ORD-1426,2023-03-19,East,Office Supplies,Storage,Customer_95,8,0.4,541.68,-0.32
ORD-1427,2023-12-02,East,Technology,Phones,Customer_118,11,0.2,972.58,-51.35
ORD-1428,2023-03-06,South,Furniture,Furnishings,Customer_55,8,0.15,189.79,13.59
ORD-1429,2023-11-27,North,Office Supplies,Paper,Customer_145,8,0.2,1835.33,-165.71
ORD-1430,2024-11-29,East,Furniture,Chairs,Customer_118,1,0.0,390.01,72.54
ORD-1431,2023-06-11,Unknown,Office Supplies,Binders,Customer_110,4,0.0,1067.8,194.58
ORD-1432,2024-10-27,North,Furniture,Bookcases,Customer_24,11,0.2,1816.06,105.14
ORD-1433,2023-09-14,East,Office Supplies,Paper,Customer_14,7,0.15,512.12,-7.9
ORD-1434,2024-12-17,West,Office Supplies,Binders,Customer_25,1,0.1,389.04,98.75
ORD-1435,2024-05-03,East,Furniture,Tables,Customer_133,11,0.4,1273.27,-240.36
ORD-1436,2023-01-10,East,Technology,Accessories,Customer_31,7,0.0,2278.92,393.39
ORD-1437,2024-05-04,East,Furniture,Furnishings,Customer_23,12,0.0,269.28,26.08
ORD-1438,2023-04-16,North,Office Supplies,Storage,Customer_36,7,0.0,2525.81,625.59
ORD-1439,2024-10-18,West,Furniture,Chairs,Customer_43,8,0.2,148.99,-6.47
ORD-1440,2023-08-07,West,Office Supplies,Art,Customer_56,2,0.0,246.46,62.0
ORD-1441,2023-05-24,East,Technology,Copiers,Customer_90,7,0.2,110.1,-8.67
ORD-1442,2023-05-24,West,Office Supplies,Binders,Customer_64,9,0.15,3074.99,-50.54
ORD-1443,2024-12-08,East,Technology,Accessories,Customer_53,9,0.1,2671.79,110.76
ORD-1444,2024-02-06,North,Technology,Phones,Customer_62,8,0.3,328.89,-38.5
ORD-1445,2023-04-26,West,Office Supplies,Binders,Customer_136,1,0.2,291.13,42.71
ORD-1446,2023-11-21,West,Office Supplies,Art,Customer_94,9,0.0,3751.29,634.55
ORD-1447,2024-04-27,East,Furniture,Chairs,Customer_4,5,0.1,1518.12,47.81
ORD-1448,2023-02-10,East,Office Supplies,Storage,Customer_129,7,0.3,752.84,59.4
ORD-1449,2024-12-19,South,Furniture,Tables,Customer_72,2,0.15,27.83,-1.23
ORD-1450,2023-03-22,West,Furniture,Bookcases,Customer_101,10,0.0,1118.6,64.83
ORD-1451,2023-11-14,South,Technology,Machines,Customer_15,4,0.0,395.6,88.98
ORD-1452,2024-03-20,East,Office Supplies,Binders,Customer_80,11,0.0,2381.5,756.84
ORD-1453,2023-05-03,East,Technology,Machines,Customer_3,3,0.4,738.99,-123.75
ORD-1454,2023-12-22,North,Furniture,Bookcases,Customer_33,12,0.15,1398.62,61.41
ORD-1455,2023-05-01,East,Office Supplies,Art,Customer_70,9,0.0,2693.16,351.24
ORD-1456,2023-09-27,East,Office Supplies,Art,Customer_131,6,0.0,1894.98,327.5
ORD-1457,2024-05-26,Unknown,Office Supplies,Paper,Customer_66,2,0.0,561.0,101.45
ORD-1458,2023-08-22,East,Furniture,Chairs,Customer_63,1,0.4,92.57,1.35
ORD-1459,2024-01-08,South,Furniture,Tables,Customer_10,9,0.3,2420.27,-358.12
ORD-1460,2023-08-18,North,Furniture,Furnishings,Customer_82,5,0.0,2177.75,427.34
ORD-1461,2024-08-08,North,Furniture,Chairs,Customer_46,4,0.0,1793.32,519.98
ORD-1462,2024-02-15,East,Office Supplies,Storage,Customer_80,6,0.0,1310.1,74.34
ORD-1463,2024-07-20,South,Furniture,Bookcases,Customer_52,5,0.15,602.01,55.68
ORD-1464,2024-09-29,West,Office Supplies,Storage,Customer_127,4,0.1,1153.44,54.63
ORD-1465,2023-06-04,East,Office Supplies,Binders,Customer_60,9,0.2,563.62,79.18
ORD-1466,2024-10-13,East,Office Supplies,Binders,Customer_97,12,0.15,5022.07,440.47
ORD-1467,2023-04-17,West,Technology,Machines,Customer_108,8,0.0,752.96,99.16
ORD-1468,2023-05-26,North,Furniture,Chairs,Customer_60,9,0.3,119.76,10.09
ORD-1469,2024-12-18,North,Office Supplies,Binders,Customer_149,2,0.0,135.4,30.19
ORD-1470,2024-10-14,South,Furniture,Chairs,Customer_112,11,0.0,1587.19,343.24
ORD-1471,2023-08-31,North,Office Supplies,Storage,Customer_101,12,0.2,3160.32,439.04
ORD-1472,2023-11-22,South,Office Supplies,Paper,Customer_20,4,0.0,444.6,23.7
ORD-1473,2024-08-21,East,Furniture,Chairs,Customer_43,8,0.4,369.94,0.0
ORD-1474,2023-11-18,Unknown,Furniture,Bookcases,Customer_54,8,0.15,2979.83,325.47
ORD-1475,2024-04-19,North,Furniture,Chairs,Customer_41,11,0.15,2844.74,368.43
ORD-1476,2024-12-22,East,Furniture,Bookcases,Customer_38,2,0.1,172.67,42.19
ORD-1477,2023-12-31,South,Technology,Phones,Customer_77,5,0.0,1076.0,177.48
ORD-1478,2023-02-01,South,Office Supplies,Paper,Customer_25,8,0.0,2114.16,135.5
ORD-1479,2023-05-24,East,Furniture,Chairs,Customer_57,3,0.1,247.0,47.28
ORD-1480,2024-02-15,North,Technology,Phones,Customer_150,10,0.15,429.84,47.69
ORD-1481,2023-03-18,East,Furniture,Tables,Customer_114,3,0.0,390.66,65.16
ORD-1482,2023-12-06,East,Furniture,Furnishings,Customer_13,3,0.3,318.07,-26.49
ORD-1483,2024-02-09,South,Furniture,Furnishings,Customer_110,3,0.2,869.59,-18.14
ORD-1484,2023-08-08,West,Office Supplies,Storage,Customer_115,3,0.0,862.62,166.33
ORD-1485,2024-09-20,West,Technology,Accessories,Customer_128,7,0.4,1407.84,15.56
ORD-1486,2023-03-04,East,Office Supplies,Art,Customer_36,7,0.1,2324.45,80.15
ORD-1487,2024-10-20,West,Technology,Phones,Customer_98,12,0.2,242.69,-7.6
ORD-1488,2024-05-06,South,Office Supplies,Storage,Customer_100,5,0.0,1507.95,98.66
ORD-1489,2023-01-27,North,Technology,Machines,Customer_8,5,0.0,1266.1,290.0
ORD-1490,2024-04-28,North,Technology,Machines,Customer_41,2,0.1,312.8,62.96
ORD-1491,2024-11-03,West,Office Supplies,Binders,Customer_57,10,0.3,435.61,-72.95
ORD-1492,2023-12-30,West,Furniture,Tables,Customer_82,12,0.2,3521.38,136.09
ORD-1493,2024-08-28,East,Technology,Accessories,Customer_146,10,0.0,3473.2,626.73
ORD-1494,2024-07-30,West,Office Supplies,Storage,Customer_45,8,0.0,1045.92,309.31
ORD-1495,2023-04-03,East,Furniture,Tables,Customer_6,9,0.4,2169.23,-133.61
ORD-1496,2023-01-01,North,Technology,Machines,Customer_34,6,0.0,860.1,195.3
ORD-1497,2023-11-28,East,Furniture,Tables,Customer_37,2,0.2,299.01,-24.68
ORD-1498,2023-03-16,North,Technology,Copiers,Customer_26,6,0.15,2343.35,-67.85
ORD-1499,2023-11-27,West,Furniture,Furnishings,Customer_125,11,0.2,4185.46,99.62
ORD-1500,2023-06-28,North,Furniture,Tables,Customer_97,5,0.15,428.06,39.63
ORD-1501,2023-05-11,West,Technology,Phones,Customer_147,7,0.0,3064.18,826.31
ORD-1502,2023-07-06,North,Technology,Machines,Customer_145,2,0.4,486.25,-35.19
ORD-1503,2023-05-25,North,Technology,Phones,Customer_61,6,0.2,1676.26,242.65
ORD-1504,2023-06-21,East,Technology,Accessories,Customer_115,1,0.15,112.49,8.64
ORD-1505,2023-08-03,West,Technology,Phones,Customer_90,5,0.0,591.95,204.99
ORD-1506,2023-01-02,East,Office Supplies,Art,Customer_108,3,0.3,992.44,-176.82
ORD-1507,2024-05-19,South,Office Supplies,Art,Customer_26,8,0.1,2561.26,634.1
ORD-1508,2023-06-16,South,Furniture,Chairs,Customer_76,1,0.2,78.78,4.76
ORD-1509,2023-09-25,East,Furniture,Bookcases,Customer_44,7,0.0,3210.13,193.2
ORD-1510,2023-03-18,East,Office Supplies,Art,Customer_8,7,0.0,2462.18,342.75
ORD-1511,2024-09-13,South,Furniture,Chairs,Customer_26,6,0.1,2499.93,653.28
ORD-1512,2023-07-14,South,Technology,Accessories,Customer_73,5,0.1,2127.11,238.8
ORD-1513,2023-04-09,East,Office Supplies,Art,Customer_40,1,0.2,345.92,49.59
ORD-1514,2023-01-04,South,Furniture,Bookcases,Customer_123,4,0.0,665.44,198.75
ORD-1515,2023-01-27,West,Furniture,Bookcases,Customer_21,8,0.0,225.04,51.51
ORD-1516,2023-11-12,South,Office Supplies,Art,Customer_68,2,0.3,171.78,-26.42
ORD-1517,2023-07-09,North,Office Supplies,Storage,Customer_48,8,0.0,381.68,98.81
ORD-1518,2023-09-27,South,Office Supplies,Storage,Customer_58,5,0.0,882.7,236.06
ORD-1519,2023-06-04,East,Furniture,Bookcases,Customer_139,7,0.1,264.73,17.1
ORD-1520,2024-07-20,East,Office Supplies,Art,Customer_138,11,0.4,1810.71,-59.36
ORD-1521,2024-08-09,West,Office Supplies,Storage,Customer_21,7,0.0,1163.33,276.6
ORD-1522,2024-05-29,West,Furniture,Furnishings,Customer_45,3,0.1,1199.15,185.58
ORD-1523,2023-07-17,West,Furniture,Furnishings,Customer_21,11,0.3,955.96,-174.63
ORD-1524,2023-07-26,West,Technology,Accessories,Customer_82,12,0.0,5236.2,295.22
ORD-1525,2023-03-31,South,Technology,Copiers,Customer_142,6,0.15,2236.86,198.37
ORD-1526,2024-06-16,South,Furniture,Furnishings,Customer_29,7,0.0,3290.98,953.18
ORD-1527,2023-06-01,East,Furniture,Chairs,Customer_74,9,0.2,3592.73,-17.2
ORD-1528,2024-02-25,North,Office Supplies,Art,Customer_147,10,0.4,2315.52,-345.99
ORD-1529,2023-02-08,West,Office Supplies,Art,Customer_37,10,0.3,1715.98,-3.0
ORD-1530,2023-02-09,South,Office Supplies,Paper,Customer_13,12,0.4,3154.32,79.57
ORD-1531,2023-10-03,North,Furniture,Bookcases,Customer_78,5,0.15,1642.41,90.87
ORD-1532,2024-05-18,East,Furniture,Tables,Customer_77,12,0.4,1558.51,-75.94
ORD-1533,2023-11-25,North,Technology,Copiers,Customer_23,4,0.4,304.8,-72.19
ORD-1534,2023-08-05,South,Technology,Copiers,Customer_133,6,0.0,1102.56,150.14
ORD-1535,2024-06-11,West,Furniture,Bookcases,Customer_130,7,0.0,1086.33,130.45
ORD-1536,2024-06-20,East,Furniture,Tables,Customer_52,1,0.1,27.57,-0.68
ORD-1537,2023-02-03,South,Furniture,Bookcases,Customer_51,5,0.2,1975.92,36.22
ORD-1538,2024-04-20,Unknown,Technology,Phones,Customer_8,4,0.2,634.62,59.59
ORD-1539,2024-05-15,South,Furniture,Furnishings,Customer_142,6,0.2,561.31,98.22
ORD-1540,2023-06-17,North,Technology,Phones,Customer_73,1,0.3,276.72,-45.15
ORD-1541,2023-02-20,West,Technology,Machines,Customer_57,11,0.1,2124.64,496.6
ORD-1542,2024-11-24,West,Office Supplies,Art,Customer_132,1,0.0,472.92,89.96
ORD-1543,2024-04-30,West,Technology,Machines,Customer_3,4,0.15,1055.94,-21.0
ORD-1544,2024-09-14,North,Technology,Accessories,Customer_109,7,0.2,2775.75,-112.41
ORD-1545,2024-04-15,North,Furniture,Furnishings,Customer_78,11,0.3,3633.94,17.78
ORD-1546,2024-08-21,East,Furniture,Bookcases,Customer_144,11,0.15,2877.84,241.18
ORD-1547,2023-11-02,East,Office Supplies,Binders,Customer_87,5,0.2,492.12,-28.07
ORD-1548,2023-10-11,North,Technology,Accessories,Customer_49,3,0.1,318.71,8.26
ORD-1549,2023-02-28,South,Technology,Accessories,Customer_36,12,0.0,4704.0,729.3
ORD-1550,2024-11-02,South,Office Supplies,Storage,Customer_108,7,0.3,187.87,18.92
ORD-1551,2023-02-06,West,Office Supplies,Paper,Customer_137,11,0.4,2924.2,24.35
ORD-1552,2024-11-18,North,Technology,Accessories,Customer_44,11,0.0,5472.5,559.12
ORD-1553,2023-10-28,East,Office Supplies,Paper,Customer_67,12,0.0,2449.92,679.78
ORD-1554,2024-11-27,North,Technology,Phones,Customer_57,6,0.1,1895.67,30.65
ORD-1555,2023-11-11,South,Office Supplies,Storage,Customer_67,10,0.15,3482.96,-9.29
ORD-1556,2024-04-19,East,Office Supplies,Binders,Customer_150,10,0.0,1196.7,252.61
ORD-1557,2024-04-28,West,Technology,Phones,Customer_98,9,0.15,2299.13,239.17
ORD-1558,2024-02-28,East,Furniture,Tables,Customer_52,6,0.3,230.29,16.87
ORD-1559,2024-08-06,South,Furniture,Bookcases,Customer_47,2,0.4,168.17,-38.87
ORD-1560,2023-12-07,West,Office Supplies,Binders,Customer_2,8,0.15,3029.33,656.44
ORD-1561,2023-08-03,West,Technology,Machines,Customer_126,2,0.0,864.88,253.28
ORD-1562,2024-09-21,South,Technology,Copiers,Customer_104,7,0.4,1390.49,-145.64
ORD-1563,2024-01-28,East,Furniture,Tables,Customer_96,1,0.2,42.1,0.53
ORD-1564,2024-06-27,West,Furniture,Chairs,Customer_64,4,0.2,616.38,-19.77
ORD-1565,2023-11-16,West,Furniture,Furnishings,Customer_129,10,0.15,3098.08,244.01
ORD-1566,2023-06-21,East,Furniture,Bookcases,Customer_75,8,0.2,318.14,-13.98
ORD-1567,2024-03-20,West,Office Supplies,Art,Customer_92,4,0.0,1379.2,100.46
ORD-1568,2024-02-18,East,Furniture,Tables,Customer_34,4,0.0,1708.36,339.18
ORD-1569,2024-08-26,West,Furniture,Bookcases,Customer_10,7,0.15,1460.67,157.35
ORD-1570,2024-07-01,East,Technology,Phones,Customer_28,11,0.0,4554.99,703.03
ORD-1571,2023-02-19,East,Office Supplies,Art,Customer_98,2,0.15,581.79,58.02
ORD-1572,2024-04-30,West,Furniture,Chairs,Customer_78,7,0.0,985.88,137.75
ORD-1573,2024-11-09,North,Technology,Machines,Customer_108,2,0.0,801.48,198.39
ORD-1574,2023-10-17,East,Furniture,Furnishings,Customer_51,10,0.1,3841.11,884.18
ORD-1575,2023-09-27,West,Office Supplies,Art,Customer_76,3,0.0,1071.3,322.57
ORD-1576,2024-07-15,South,Furniture,Furnishings,Customer_85,4,0.0,1407.04,357.45
ORD-1577,2023-01-14,East,Furniture,Furnishings,Customer_39,2,0.0,626.24,172.73
ORD-1578,2023-04-14,North,Technology,Machines,Customer_117,5,0.15,372.81,72.42
ORD-1579,2024-04-20,East,Furniture,Tables,Customer_11,5,0.2,1748.8,-177.02
ORD-1580,2024-11-24,North,Office Supplies,Binders,Customer_25,1,0.0,414.65,36.76
ORD-1581,2023-05-22,West,Office Supplies,Storage,Customer_113,10,0.15,1480.79,226.64
ORD-1582,2023-04-06,North,Office Supplies,Paper,Customer_30,7,0.3,434.97,24.09
ORD-1583,2024-04-12,North,Office Supplies,Art,Customer_108,11,0.0,4595.25,929.34
ORD-1584,2023-04-26,West,Technology,Phones,Customer_41,2,0.3,18.38,-1.91
ORD-1585,2024-08-27,South,Technology,Copiers,Customer_47,10,0.3,2186.03,228.13
ORD-1586,2024-01-03,Unknown,Technology,Machines,Customer_124,8,0.0,2556.72,327.11
ORD-1587,2024-02-26,South,Furniture,Chairs,Customer_67,11,0.2,2821.81,146.72
ORD-1588,2023-01-13,West,Technology,Accessories,Customer_133,9,0.0,3529.08,289.72
ORD-1589,2024-03-19,West,Office Supplies,Storage,Customer_99,3,0.0,1148.7,243.96
ORD-1590,2023-01-12,West,Technology,Copiers,Customer_127,3,0.0,1445.61,220.54
ORD-1591,2024-05-18,North,Furniture,Bookcases,Customer_72,1,0.1,287.98,71.88
ORD-1592,2024-07-17,South,Office Supplies,Paper,Customer_21,8,0.4,289.1,3.23
ORD-1593,2024-08-09,South,Furniture,Furnishings,Customer_115,6,0.0,2082.36,146.5
ORD-1594,2024-05-24,East,Furniture,Furnishings,Customer_106,1,0.0,157.47,41.33
ORD-1595,2023-04-04,North,Technology,Machines,Customer_117,6,0.2,206.4,13.34
ORD-1596,2023-02-25,West,Office Supplies,Storage,Customer_144,10,0.4,1076.88,-90.16
ORD-1597,2024-11-03,North,Technology,Copiers,Customer_30,2,0.1,58.34,13.5
ORD-1598,2023-01-03,North,Office Supplies,Storage,Customer_141,9,0.2,3506.47,633.49
ORD-1599,2024-12-19,East,Furniture,Tables,Customer_127,3,0.3,792.39,-119.63
ORD-1600,2023-04-20,North,Technology,Machines,Customer_49,2,0.3,534.17,-97.55
ORD-1601,2023-08-09,South,Furniture,Bookcases,Customer_28,7,0.0,145.88,21.46
ORD-1602,2024-10-10,East,Office Supplies,Art,Customer_130,3,0.4,448.99,-17.46
ORD-1603,2023-01-05,East,Technology,Copiers,Customer_150,8,0.0,2758.48,506.93
ORD-1604,2024-12-09,West,Technology,Machines,Customer_27,7,0.2,806.85,152.61
ORD-1605,2024-05-31,South,Office Supplies,Paper,Customer_71,7,0.2,1225.45,31.15
ORD-1606,2023-10-29,South,Furniture,Tables,Customer_106,10,0.15,766.53,129.12
ORD-1607,2024-12-19,North,Technology,Machines,Customer_52,4,0.15,1189.66,-4.48
ORD-1608,2024-12-04,North,Technology,Machines,Customer_46,9,0.2,362.66,34.14
ORD-1609,2024-12-28,East,Office Supplies,Art,Customer_150,10,0.3,2314.97,-250.07
ORD-1610,2024-11-21,North,Office Supplies,Binders,Customer_134,2,0.0,951.84,90.73
ORD-1611,2024-01-26,West,Furniture,Chairs,Customer_52,5,0.0,1109.2,369.46
ORD-1612,2023-10-21,North,Furniture,Chairs,Customer_76,4,0.0,862.68,208.39
ORD-1613,2024-01-03,South,Furniture,Tables,Customer_144,7,0.1,1290.37,67.44
ORD-1614,2024-06-07,North,Technology,Phones,Customer_98,7,0.3,2411.53,-162.05
ORD-1615,2024-12-02,North,Technology,Phones,Customer_4,12,0.15,4570.72,-4.63
ORD-1616,2023-07-27,South,Furniture,Bookcases,Customer_140,12,0.1,1235.74,-25.53
ORD-1617,2023-07-18,North,Office Supplies,Paper,Customer_20,3,0.0,987.96,158.62
ORD-1618,2024-06-10,East,Office Supplies,Binders,Customer_110,5,0.15,1842.55,132.6
ORD-1619,2023-05-14,West,Technology,Accessories,Customer_2,6,0.4,1743.88,-373.79
ORD-1620,2024-12-27,West,Furniture,Tables,Customer_83,10,0.0,4356.3,1232.74
ORD-1621,2024-10-02,North,Office Supplies,Storage,Customer_19,12,0.2,3722.4,533.92
ORD-1622,2024-06-22,West,Furniture,Chairs,Customer_130,3,0.3,804.09,-1.72
ORD-1623,2024-07-10,South,Furniture,Bookcases,Customer_57,4,0.2,237.79,-23.84
ORD-1624,2023-12-06,North,Office Supplies,Paper,Customer_136,8,0.0,3689.76,867.08
ORD-1625,2023-04-28,North,Office Supplies,Paper,Customer_63,1,0.2,320.24,11.03
ORD-1626,2024-01-26,East,Office Supplies,Storage,Customer_139,12,0.15,688.3,-22.33
ORD-1627,2023-01-26,North,Technology,Copiers,Customer_125,1,0.15,294.04,17.38
ORD-1628,2024-10-29,West,Office Supplies,Binders,Customer_25,3,0.0,324.78,64.14
ORD-1629,2024-10-03,East,Furniture,Tables,Customer_109,2,0.1,74.63,10.79
ORD-1630,2024-07-04,South,Technology,Phones,Customer_40,1,0.4,85.09,-2.62
ORD-1631,2023-12-06,East,Furniture,Chairs,Customer_14,3,0.15,413.3,27.51
ORD-1632,2024-07-25,Unknown,Technology,Machines,Customer_67,7,0.3,76.88,-12.94
ORD-1633,2024-04-06,South,Office Supplies,Storage,Customer_5,7,0.0,1416.24,274.72
ORD-1634,2024-07-01,East,Technology,Phones,Customer_150,1,0.0,304.01,41.8
ORD-1635,2024-01-02,East,Office Supplies,Storage,Customer_23,5,0.4,1051.62,-12.58
ORD-1636,2024-01-26,South,Technology,Phones,Customer_122,3,0.1,1058.75,-19.18
ORD-1637,2023-05-20,South,Technology,Accessories,Customer_37,5,0.2,981.8,-77.09
ORD-1638,2023-01-12,West,Furniture,Chairs,Customer_2,10,0.3,900.2,95.42
ORD-1639,2024-07-04,East,Office Supplies,Paper,Customer_89,4,0.3,223.5,-9.01
ORD-1640,2024-10-23,West,Furniture,Tables,Customer_57,10,0.15,2659.65,374.32
ORD-1641,2023-07-18,East,Furniture,Chairs,Customer_141,8,0.0,2273.84,120.36
ORD-1642,2023-10-25,East,Office Supplies,Binders,Customer_51,12,0.4,1223.78,-140.35
ORD-1643,2023-12-05,North,Furniture,Tables,Customer_26,5,0.0,265.25,41.16
ORD-1644,2023-07-18,North,Office Supplies,Art,Customer_85,10,0.15,223.29,-10.37
ORD-1645,2024-12-11,West,Technology,Accessories,Customer_81,7,0.0,1431.43,128.56
ORD-1646,2023-01-05,North,Furniture,Tables,Customer_112,5,0.2,1152.4,111.6
ORD-1647,2023-05-18,North,Office Supplies,Art,Customer_115,6,0.15,2051.68,-20.42
ORD-1648,2024-05-13,East,Furniture,Chairs,Customer_72,3,0.1,248.59,0.34
ORD-1649,2023-09-27,East,Technology,Phones,Customer_5,9,0.0,2896.65,758.76
ORD-1650,2024-08-18,South,Technology,Machines,Customer_10,9,0.15,194.92,41.1
ORD-1651,2024-07-10,South,Technology,Machines,Customer_94,7,0.1,223.46,29.58
ORD-1652,2024-08-26,North,Furniture,Furnishings,Customer_129,9,0.0,3216.96,1001.41
ORD-1653,2024-02-11,North,Technology,Phones,Customer_62,10,0.0,3599.0,1045.58
ORD-1654,2024-06-10,West,Office Supplies,Paper,Customer_46,10,0.0,1763.3,519.2
ORD-1655,2024-05-10,North,Furniture,Tables,Customer_125,4,0.0,197.04,62.75
ORD-1656,2023-09-28,North,Furniture,Chairs,Customer_53,9,0.2,2003.9,270.91
ORD-1657,2024-02-02,South,Office Supplies,Binders,Customer_11,11,0.2,2038.43,169.34
ORD-1658,2023-04-16,North,Technology,Accessories,Customer_149,9,0.0,2411.46,649.83
ORD-1659,2024-01-21,South,Office Supplies,Binders,Customer_133,5,0.3,175.0,-30.08
ORD-1660,2023-08-17,South,Office Supplies,Storage,Customer_125,8,0.0,1048.64,102.62
ORD-1661,2024-05-28,West,Office Supplies,Paper,Customer_59,2,0.15,743.19,-3.15
ORD-1662,2023-08-05,West,Furniture,Tables,Customer_93,10,0.0,4881.7,737.47
ORD-1663,2024-11-07,West,Office Supplies,Storage,Customer_30,8,0.4,476.35,-15.76
ORD-1664,2024-05-05,West,Technology,Machines,Customer_106,1,0.1,299.49,35.78
ORD-1665,2023-02-14,West,Technology,Machines,Customer_35,11,0.0,3103.43,824.77
ORD-1666,2024-08-09,West,Furniture,Tables,Customer_67,3,0.3,256.07,27.89
ORD-1667,2024-09-05,East,Technology,Accessories,Customer_22,4,0.4,1170.36,-87.66
ORD-1668,2024-09-13,South,Office Supplies,Paper,Customer_57,7,0.0,754.46,191.68
ORD-1669,2024-08-19,West,Technology,Accessories,Customer_43,12,0.2,435.65,-43.92
ORD-1670,2024-04-09,East,Furniture,Furnishings,Customer_99,3,0.0,408.78,77.17
ORD-1671,2023-01-17,West,Technology,Copiers,Customer_39,10,0.0,4354.5,1167.66
ORD-1672,2023-07-01,South,Technology,Phones,Customer_137,9,0.0,3365.37,597.85
ORD-1673,2023-04-06,South,Technology,Machines,Customer_139,1,0.3,125.66,-9.89
ORD-1674,2024-06-18,South,Office Supplies,Binders,Customer_136,7,0.1,3111.89,-55.91
ORD-1675,2024-05-08,South,Office Supplies,Binders,Customer_109,3,0.15,1108.87,114.88
ORD-1676,2024-05-03,West,Furniture,Bookcases,Customer_140,7,0.15,1338.27,197.5
ORD-1677,2023-07-13,East,Technology,Phones,Customer_148,9,0.0,2236.23,697.76
ORD-1678,2024-06-16,East,Office Supplies,Paper,Customer_81,7,0.2,2527.5,41.74
ORD-1679,2023-04-20,West,Office Supplies,Storage,Customer_67,9,0.3,917.6,-11.28
ORD-1680,2024-08-01,North,Technology,Accessories,Customer_102,4,0.3,1279.77,-162.28
ORD-1681,2024-07-19,South,Furniture,Bookcases,Customer_144,9,0.4,1702.35,-137.09
ORD-1682,2023-09-17,North,Technology,Accessories,Customer_102,12,0.0,4430.76,396.42
ORD-1683,2024-11-06,East,Technology,Machines,Customer_115,12,0.0,4329.0,1397.01
ORD-1684,2023-04-13,West,Technology,Copiers,Customer_87,9,0.0,882.36,107.0
ORD-1685,2023-06-14,South,Technology,Phones,Customer_24,3,0.4,874.76,-188.69
ORD-1686,2024-09-06,South,Furniture,Chairs,Customer_68,4,0.2,1371.68,51.69
ORD-1687,2023-03-23,East,Technology,Copiers,Customer_103,10,0.15,1114.69,213.16
ORD-1688,2024-12-29,East,Furniture,Furnishings,Customer_113,1,0.1,205.38,25.56
ORD-1689,2024-11-03,North,Furniture,Chairs,Customer_131,9,0.1,1506.76,222.83
ORD-1690,2024-09-21,West,Technology,Phones,Customer_93,4,0.0,360.52,60.32
ORD-1691,2023-06-11,East,Office Supplies,Art,Customer_91,11,0.3,3734.58,-420.36
ORD-1692,2024-02-20,West,Technology,Phones,Customer_18,2,0.15,564.06,15.54
ORD-1693,2024-07-26,North,Office Supplies,Storage,Customer_58,10,0.1,3501.0,32.43
ORD-1694,2024-04-10,South,Technology,Phones,Customer_67,3,0.3,1018.94,-54.88
ORD-1695,2024-06-02,East,Technology,Phones,Customer_129,5,0.2,502.64,-44.21
ORD-1696,2023-04-30,North,Technology,Accessories,Customer_114,7,0.4,391.36,-44.64
ORD-1697,2023-09-07,North,Office Supplies,Art,Customer_8,8,0.0,1401.04,418.44
ORD-1698,2023-09-22,East,Office Supplies,Paper,Customer_59,6,0.3,928.75,-107.16
ORD-1699,2023-12-28,East,Technology,Accessories,Customer_64,5,0.0,1562.0,409.3
ORD-1700,2024-02-13,North,Furniture,Tables,Customer_122,6,0.2,440.88,-26.33
ORD-1701,2023-08-12,North,Furniture,Tables,Customer_128,12,0.1,302.08,57.67
ORD-1702,2023-08-29,West,Office Supplies,Paper,Customer_59,4,0.1,1206.94,135.65
ORD-1703,2024-09-25,North,Furniture,Chairs,Customer_31,2,0.4,508.37,-14.39
ORD-1704,2024-09-20,East,Technology,Phones,Customer_124,6,0.2,1424.74,214.4
ORD-1705,2024-05-19,North,Office Supplies,Paper,Customer_131,5,0.3,388.01,-60.69
ORD-1706,2023-08-16,West,Furniture,Furnishings,Customer_123,9,0.0,1279.62,85.9
ORD-1707,2024-05-29,North,Office Supplies,Paper,Customer_118,2,0.4,324.32,3.56
ORD-1708,2023-11-20,East,Furniture,Tables,Customer_98,10,0.0,292.8,25.37
ORD-1709,2023-11-30,North,Technology,Accessories,Customer_48,9,0.15,1771.59,372.32
ORD-1710,2023-08-31,North,Office Supplies,Storage,Customer_94,3,0.4,296.86,-34.98
ORD-1711,2024-03-10,Unknown,Office Supplies,Storage,Customer_94,7,0.15,180.7,-4.61
ORD-1712,2024-04-06,West,Technology,Machines,Customer_148,11,0.1,4885.15,1267.87
ORD-1713,2023-04-13,North,Furniture,Furnishings,Customer_98,4,0.0,49.68,16.67
ORD-1714,2023-06-03,South,Furniture,Tables,Customer_108,8,0.0,2585.36,802.43
ORD-1715,2024-10-07,North,Office Supplies,Storage,Customer_65,9,0.0,2095.38,428.88
ORD-1716,2024-02-12,East,Technology,Machines,Customer_16,4,0.15,848.4,110.34
ORD-1717,2024-05-02,East,Office Supplies,Storage,Customer_67,6,0.2,376.46,-38.03
ORD-1718,2024-07-27,North,Office Supplies,Binders,Customer_106,2,0.2,257.42,26.1
ORD-1719,2024-11-26,West,Technology,Machines,Customer_73,6,0.2,522.77,48.11
ORD-1720,2024-11-20,South,Technology,Copiers,Customer_21,7,0.15,2887.3,-120.78
ORD-1721,2024-04-19,West,Furniture,Bookcases,Customer_108,11,0.3,2614.77,-148.71
ORD-1722,2023-03-15,East,Furniture,Bookcases,Customer_59,6,0.2,2089.87,-118.82
ORD-1723,2024-10-30,North,Technology,Accessories,Customer_102,5,0.4,1048.17,-19.46
ORD-1724,2024-01-07,South,Office Supplies,Paper,Customer_48,1,0.0,472.86,120.57
ORD-1725,2023-08-29,North,Technology,Phones,Customer_54,3,0.3,532.6,-2.47
ORD-1726,2023-04-16,East,Furniture,Furnishings,Customer_141,1,0.0,435.76,96.38
ORD-1727,2024-02-11,East,Furniture,Bookcases,Customer_40,2,0.3,34.85,3.11
ORD-1728,2023-11-13,West,Furniture,Bookcases,Customer_114,11,0.0,3826.57,967.95
ORD-1729,2023-05-15,West,Furniture,Chairs,Customer_92,6,0.4,416.45,-30.12
ORD-1730,2024-04-23,North,Technology,Copiers,Customer_35,12,0.0,2435.88,597.69
ORD-1731,2024-08-28,South,Technology,Copiers,Customer_135,11,0.15,581.85,74.1
ORD-1732,2023-12-22,South,Technology,Machines,Customer_23,8,0.15,3398.03,-188.71
ORD-1733,2024-01-10,South,Office Supplies,Paper,Customer_78,1,0.0,488.82,84.11
ORD-1734,2024-06-19,West,Office Supplies,Storage,Customer_121,9,0.0,3930.03,1118.94
ORD-1735,2024-12-05,South,Office Supplies,Storage,Customer_3,7,0.15,1712.65,259.53
ORD-1736,2024-09-03,West,Furniture,Bookcases,Customer_49,7,0.3,2158.3,-148.4
ORD-1737,2024-02-09,West,Furniture,Furnishings,Customer_97,4,0.15,578.85,75.41
ORD-1738,2023-03-23,South,Technology,Machines,Customer_133,10,0.15,3449.64,547.41
ORD-1739,2023-10-19,North,Office Supplies,Paper,Customer_18,3,0.0,1202.79,217.31
ORD-1740,2023-10-24,East,Technology,Copiers,Customer_116,5,0.4,1232.22,-288.26
ORD-1741,2023-07-12,North,Furniture,Tables,Customer_13,9,0.0,2491.2,128.86
ORD-1742,2023-07-10,East,Office Supplies,Storage,Customer_33,12,0.4,1217.16,-194.82
ORD-1743,2023-01-09,West,Furniture,Tables,Customer_4,8,0.1,1469.66,262.54
ORD-1744,2023-12-17,Unknown,Office Supplies,Art,Customer_96,8,0.0,1603.12,295.95
ORD-1745,2023-12-05,East,Furniture,Chairs,Customer_69,7,0.0,884.8,143.32
ORD-1746,2024-07-10,South,Furniture,Tables,Customer_65,7,0.0,849.52,61.13
ORD-1747,2023-05-05,West,Office Supplies,Art,Customer_64,12,0.0,3668.28,918.77
ORD-1748,2023-07-23,South,Technology,Phones,Customer_134,11,0.1,3104.15,338.5
ORD-1749,2024-04-29,South,Technology,Accessories,Customer_83,3,0.0,588.3,181.78
ORD-1750,2024-07-16,East,Office Supplies,Art,Customer_77,4,0.2,845.92,28.55
ORD-1751,2023-02-23,West,Furniture,Tables,Customer_112,6,0.0,135.36,20.63
ORD-1752,2023-06-21,North,Technology,Phones,Customer_102,4,0.0,785.2,133.21
ORD-1753,2023-02-13,South,Technology,Machines,Customer_96,2,0.1,529.7,68.9
ORD-1754,2023-06-11,South,Furniture,Bookcases,Customer_16,1,0.2,246.3,29.42
ORD-1755,2024-10-22,West,Technology,Phones,Customer_33,8,0.1,2940.19,545.22
ORD-1756,2023-11-21,North,Office Supplies,Paper,Customer_6,12,0.3,4016.96,-741.25
ORD-1757,2024-01-02,West,Office Supplies,Binders,Customer_125,12,0.4,762.7,-204.2
ORD-1758,2024-07-26,North,Technology,Copiers,Customer_49,10,0.0,3272.6,1045.3
ORD-1759,2024-07-10,North,Office Supplies,Art,Customer_71,10,0.0,1293.1,151.33
ORD-1760,2023-03-12,West,Office Supplies,Storage,Customer_68,9,0.2,284.62,48.48
ORD-1761,2024-04-09,East,Technology,Copiers,Customer_48,1,0.2,145.84,-11.61
ORD-1762,2024-09-27,West,Office Supplies,Binders,Customer_138,7,0.1,1562.9,73.51
ORD-1763,2024-06-20,South,Technology,Machines,Customer_73,6,0.3,628.28,-61.45
ORD-1764,2024-10-18,North,Furniture,Chairs,Customer_134,11,0.0,4438.28,939.8
ORD-1765,2023-02-14,West,Furniture,Chairs,Customer_52,2,0.4,195.05,-16.95
ORD-1766,2023-07-16,East,Furniture,Furnishings,Customer_126,9,0.15,2760.96,32.54
ORD-1767,2023-02-20,North,Furniture,Chairs,Customer_4,4,0.4,510.34,-119.13
ORD-1768,2023-03-23,South,Technology,Phones,Customer_93,9,0.3,622.19,8.92
ORD-1769,2024-01-13,East,Technology,Accessories,Customer_136,1,0.0,98.9,20.53
ORD-1770,2023-11-08,East,Furniture,Chairs,Customer_26,12,0.1,3860.24,7.96
ORD-1771,2024-06-28,South,Furniture,Tables,Customer_135,11,0.1,2851.0,133.91
ORD-1772,2024-08-06,West,Technology,Copiers,Customer_28,11,0.2,4240.1,148.67
ORD-1773,2024-11-21,South,Technology,Copiers,Customer_27,3,0.0,1214.82,261.27
ORD-1774,2024-07-17,South,Technology,Accessories,Customer_41,9,0.4,168.86,-13.52
ORD-1775,2023-12-27,North,Technology,Accessories,Customer_96,7,0.3,2333.33,-22.21
ORD-1776,2023-11-28,West,Technology,Machines,Customer_97,9,0.15,3147.21,614.53
ORD-1777,2024-01-04,South,Office Supplies,Art,Customer_1,12,0.0,1461.12,166.0
ORD-1778,2023-10-19,East,Technology,Machines,Customer_78,1,0.15,262.97,14.02
ORD-1779,2023-08-16,West,Office Supplies,Binders,Customer_71,9,0.0,3793.77,1214.03
ORD-1780,2023-04-07,East,Office Supplies,Storage,Customer_40,3,0.15,467.11,0.5
ORD-1781,2024-01-11,West,Furniture,Bookcases,Customer_77,2,0.3,549.44,-59.1
ORD-1782,2024-08-05,West,Technology,Phones,Customer_84,8,0.0,3304.64,585.32
ORD-1783,2024-05-14,East,Technology,Accessories,Customer_10,12,0.3,2831.64,-456.86
ORD-1784,2023-03-22,East,Office Supplies,Storage,Customer_112,7,0.0,2209.83,409.99
ORD-1785,2023-08-21,East,Technology,Copiers,Customer_14,5,0.0,1487.2,149.32
ORD-1786,2023-11-23,West,Office Supplies,Paper,Customer_40,1,0.3,259.75,17.88
ORD-1787,2024-04-01,East,Furniture,Furnishings,Customer_75,7,0.0,813.4,64.03
ORD-1788,2023-05-16,North,Furniture,Furnishings,Customer_147,12,0.0,258.96,62.82
ORD-1789,2024-07-15,South,Office Supplies,Binders,Customer_103,9,0.3,1937.12,-50.35
ORD-1790,2024-12-15,West,Furniture,Furnishings,Customer_144,4,0.4,296.76,-45.32
ORD-1791,2024-02-09,West,Technology,Machines,Customer_63,2,0.15,512.19,40.48
ORD-1792,2024-03-16,North,Technology,Phones,Customer_29,11,0.3,3803.88,-567.04
ORD-1793,2024-03-09,North,Office Supplies,Paper,Customer_83,6,0.0,2103.72,360.36
ORD-1794,2023-11-09,West,Office Supplies,Art,Customer_38,8,0.0,1758.56,466.51
ORD-1795,2023-08-28,West,Technology,Accessories,Customer_40,12,0.0,4191.48,1456.02
ORD-1796,2023-04-26,East,Furniture,Tables,Customer_74,1,0.2,58.33,-4.59
ORD-1797,2024-12-11,East,Office Supplies,Art,Customer_121,1,0.2,291.94,18.54
ORD-1798,2023-08-03,West,Furniture,Bookcases,Customer_141,8,0.0,1154.72,85.25
ORD-1799,2024-12-12,East,Office Supplies,Binders,Customer_66,3,0.0,155.91,49.62
ORD-1800,2023-10-18,West,Technology,Accessories,Customer_14,8,0.0,832.08,122.33
ORD-1801,2023-03-10,South,Technology,Accessories,Customer_93,2,0.0,242.12,37.89
ORD-1802,2023-10-27,South,Furniture,Furnishings,Customer_131,12,0.0,528.24,108.67
ORD-1803,2023-11-20,South,Technology,Phones,Customer_48,4,0.4,103.51,-3.09
ORD-1804,2024-07-28,East,Furniture,Tables,Customer_136,5,0.2,498.08,25.9
ORD-1805,2024-05-16,South,Technology,Machines,Customer_5,6,0.2,2117.95,180.58
ORD-1806,2023-12-30,North,Furniture,Bookcases,Customer_16,11,0.15,2535.25,69.21
ORD-1807,2024-02-01,East,Technology,Accessories,Customer_58,3,0.2,415.61,37.76
ORD-1808,2024-02-07,West,Furniture,Furnishings,Customer_134,11,0.1,4921.59,829.54
ORD-1809,2024-03-03,West,Technology,Machines,Customer_110,5,0.2,1133.24,123.74
ORD-1810,2024-04-04,West,Furniture,Tables,Customer_149,9,0.1,1927.39,-23.05
ORD-1811,2023-05-22,North,Technology,Machines,Customer_111,3,0.0,856.59,288.92
ORD-1812,2023-11-22,East,Technology,Phones,Customer_48,6,0.0,575.4,147.88
ORD-1813,2023-01-31,North,Office Supplies,Art,Customer_78,8,0.15,737.53,66.93
ORD-1814,2023-06-05,West,Furniture,Tables,Customer_48,1,0.15,48.76,3.17
ORD-1815,2024-09-12,West,Technology,Machines,Customer_60,11,0.0,4185.72,645.74
ORD-1816,2024-01-03,East,Technology,Copiers,Customer_35,9,0.4,1813.37,-56.88
ORD-1817,2024-12-30,North,Furniture,Furnishings,Customer_126,8,0.0,3714.56,447.21
ORD-1818,2023-06-17,West,Furniture,Chairs,Customer_105,1,0.15,174.81,-4.24
ORD-1819,2024-02-27,West,Technology,Machines,Customer_53,2,0.0,992.64,325.69
ORD-1820,2024-03-25,South,Technology,Accessories,Customer_118,4,0.3,768.82,48.14
ORD-1821,2024-02-19,East,Technology,Copiers,Customer_81,7,0.0,1856.89,440.22
ORD-1822,2024-06-17,East,Office Supplies,Art,Customer_11,4,0.3,150.28,5.5
ORD-1823,2023-02-10,South,Technology,Phones,Customer_49,5,0.4,217.74,-4.83
ORD-1824,2024-02-12,North,Office Supplies,Art,Customer_43,7,0.15,2339.48,333.66
ORD-1825,2024-09-19,East,Technology,Machines,Customer_119,11,0.4,182.95,-32.76
ORD-1826,2023-04-03,East,Furniture,Tables,Customer_101,7,0.2,778.01,-1.52
ORD-1827,2024-04-06,East,Furniture,Furnishings,Customer_52,8,0.0,423.52,140.22
ORD-1828,2023-09-14,North,Technology,Machines,Customer_32,2,0.0,562.72,79.71
ORD-1829,2024-12-24,South,Technology,Accessories,Customer_22,9,0.3,1288.48,-71.95
ORD-1830,2024-06-07,West,Office Supplies,Art,Customer_12,3,0.2,730.3,32.65
ORD-1831,2024-08-02,West,Furniture,Tables,Customer_46,12,0.0,5526.0,1100.17
ORD-1832,2024-03-05,North,Office Supplies,Art,Customer_74,11,0.0,5457.76,1666.95
ORD-1833,2023-05-01,West,Furniture,Chairs,Customer_65,1,0.4,67.3,0.62
ORD-1834,2024-05-24,South,Technology,Phones,Customer_127,4,0.1,241.27,51.93
ORD-1835,2024-08-25,South,Office Supplies,Art,Customer_114,2,0.0,393.02,123.17
ORD-1836,2023-09-08,North,Technology,Machines,Customer_13,3,0.0,1306.05,381.08
ORD-1837,2023-02-26,North,Furniture,Tables,Customer_9,11,0.15,3712.98,79.47
ORD-1838,2023-12-06,East,Furniture,Chairs,Customer_107,3,0.0,148.95,25.45
ORD-1839,2024-11-19,North,Technology,Machines,Customer_117,12,0.2,912.29,89.85
ORD-1840,2023-02-06,East,Office Supplies,Storage,Customer_95,7,0.0,1257.13,430.8
ORD-1841,2024-03-13,East,Office Supplies,Art,Customer_35,2,0.15,550.94,97.38
ORD-1842,2023-12-04,South,Technology,Machines,Customer_54,10,0.0,749.4,231.27
ORD-1843,2023-04-22,East,Office Supplies,Storage,Customer_110,10,0.2,3697.2,133.54
ORD-1844,2023-09-23,North,Furniture,Furnishings,Customer_134,12,0.4,2210.83,-89.66
ORD-1845,2024-05-19,West,Technology,Machines,Customer_75,4,0.0,382.68,76.83
ORD-1846,2023-05-02,East,Office Supplies,Binders,Customer_54,10,0.3,1437.38,-209.98
ORD-1847,2024-02-28,East,Office Supplies,Storage,Customer_144,11,0.1,1881.89,-17.97
ORD-1848,2023-01-12,West,Technology,Accessories,Customer_66,2,0.15,38.5,-1.13
ORD-1849,2023-11-04,North,Furniture,Chairs,Customer_86,6,0.3,2024.11,-50.89
ORD-1850,2024-08-05,East,Furniture,Tables,Customer_85,6,0.4,1739.7,-243.99
ORD-1851,2024-04-30,East,Technology,Machines,Customer_124,3,0.4,293.02,-34.62
ORD-1852,2024-07-03,North,Office Supplies,Art,Customer_15,9,0.15,1724.0,-66.03
ORD-1853,2024-08-01,North,Technology,Phones,Customer_54,10,0.2,2592.0,-117.13
ORD-1854,2023-12-29,East,Furniture,Bookcases,Customer_8,6,0.3,1317.12,6.67
ORD-1855,2024-10-03,West,Technology,Copiers,Customer_48,10,0.0,844.9,57.8
ORD-1856,2023-11-12,North,Technology,Phones,Customer_70,7,0.0,2747.99,516.46
ORD-1857,2024-05-23,West,Office Supplies,Art,Customer_78,4,0.15,130.9,29.91
ORD-1858,2023-06-29,East,Office Supplies,Binders,Customer_52,2,0.4,45.97,-2.83
ORD-1859,2024-06-02,East,Office Supplies,Paper,Customer_49,6,0.4,1771.2,-351.13
ORD-1860,2024-06-20,North,Office Supplies,Paper,Customer_26,9,0.0,717.3,61.99
ORD-1861,2023-07-30,East,Office Supplies,Art,Customer_134,2,0.0,317.2,25.48
ORD-1862,2023-11-15,East,Technology,Phones,Customer_86,8,0.0,2793.28,191.86
ORD-1863,2023-04-16,North,Furniture,Bookcases,Customer_54,6,0.1,1401.95,137.75
ORD-1864,2023-07-17,North,Office Supplies,Storage,Customer_113,11,0.0,4497.35,1054.92
ORD-1865,2023-10-07,West,Furniture,Bookcases,Customer_30,1,0.0,160.06,37.96
ORD-1866,2023-07-31,North,Technology,Accessories,Customer_70,3,0.15,684.04,39.55
ORD-1867,2024-08-10,West,Furniture,Chairs,Customer_80,10,0.2,592.4,92.4
ORD-1868,2024-07-07,South,Furniture,Tables,Customer_8,8,0.0,1843.12,199.77
ORD-1869,2023-04-19,South,Furniture,Chairs,Customer_110,7,0.0,1331.4,231.98
ORD-1870,2024-12-22,South,Technology,Accessories,Customer_80,6,0.1,2243.65,426.48
ORD-1871,2024-12-31,East,Office Supplies,Paper,Customer_24,12,0.4,2786.11,-743.03
ORD-1872,2023-04-10,South,Office Supplies,Art,Customer_121,4,0.1,770.11,88.1
ORD-1873,2023-05-28,North,Office Supplies,Art,Customer_47,12,0.2,186.24,-5.97
ORD-1874,2023-11-29,South,Office Supplies,Binders,Customer_17,8,0.0,3060.32,278.9
ORD-1875,2023-12-26,South,Office Supplies,Paper,Customer_73,6,0.0,1633.8,187.17
ORD-1876,2024-06-04,East,Office Supplies,Binders,Customer_84,9,0.0,143.46,17.55
ORD-1877,2023-11-06,South,Office Supplies,Art,Customer_62,10,0.1,4393.62,924.69
ORD-1878,2024-07-15,West,Office Supplies,Art,Customer_17,6,0.1,2593.03,301.72
ORD-1879,2024-12-11,South,Office Supplies,Storage,Customer_140,12,0.1,688.72,92.56
ORD-1880,2023-06-27,East,Technology,Copiers,Customer_30,10,0.4,1395.84,-23.3
ORD-1881,2023-11-30,East,Office Supplies,Paper,Customer_79,7,0.0,406.42,79.85
ORD-1882,2024-09-04,East,Technology,Copiers,Customer_84,8,0.0,668.16,98.49
ORD-1883,2023-04-03,West,Furniture,Chairs,Customer_38,11,0.0,4084.3,787.48
ORD-1884,2024-04-08,North,Office Supplies,Art,Customer_51,4,0.2,621.41,5.18
ORD-1885,2023-11-03,North,Office Supplies,Storage,Customer_23,10,0.0,2351.3,671.31
ORD-1886,2024-09-18,South,Furniture,Bookcases,Customer_16,6,0.0,2682.72,903.0
ORD-1887,2023-01-01,North,Furniture,Bookcases,Customer_8,4,0.3,1107.62,-105.64
ORD-1888,2024-12-20,South,Technology,Accessories,Customer_98,7,0.3,1701.23,-99.89
ORD-1889,2024-03-21,West,Technology,Machines,Customer_122,3,0.1,363.93,80.89
ORD-1890,2024-07-22,South,Office Supplies,Art,Customer_40,5,0.0,144.15,46.2
ORD-1891,2023-05-18,East,Furniture,Chairs,Customer_37,12,0.4,1700.06,-134.03
ORD-1892,2024-11-04,South,Furniture,Chairs,Customer_36,11,0.3,2564.72,201.42
ORD-1893,2024-04-11,South,Technology,Machines,Customer_117,9,0.3,2028.41,-11.81
ORD-1894,2024-07-19,South,Office Supplies,Storage,Customer_58,3,0.3,89.59,-3.09
ORD-1895,2024-09-11,East,Technology,Copiers,Customer_61,12,0.15,852.52,128.93
ORD-1896,2024-02-25,North,Furniture,Chairs,Customer_146,8,0.2,1670.34,157.13
ORD-1897,2023-04-26,South,Technology,Phones,Customer_37,12,0.15,310.28,-13.83
ORD-1898,2024-04-21,East,Technology,Phones,Customer_63,8,0.0,2888.0,206.85
ORD-1899,2024-12-01,Unknown,Technology,Phones,Customer_88,9,0.0,404.28,21.68
ORD-1900,2024-04-25,South,Technology,Copiers,Customer_147,12,0.2,4595.42,511.25
ORD-1901,2024-03-07,North,Office Supplies,Storage,Customer_43,1,0.15,155.63,2.95
ORD-1902,2024-07-31,North,Furniture,Furnishings,Customer_149,3,0.0,544.05,153.64
ORD-1903,2024-11-03,North,Technology,Phones,Customer_74,8,0.0,2672.56,282.11
ORD-1904,2023-05-10,East,Office Supplies,Storage,Customer_34,10,0.15,810.13,-32.8
ORD-1905,2023-10-09,Unknown,Furniture,Chairs,Customer_45,10,0.0,3335.5,931.64
ORD-1906,2024-11-05,South,Office Supplies,Paper,Customer_67,12,0.1,1510.6,-35.83
ORD-1907,2024-05-11,West,Technology,Phones,Customer_88,2,0.0,100.52,34.21
ORD-1908,2024-09-01,West,Office Supplies,Art,Customer_99,4,0.4,371.45,-14.57
ORD-1909,2024-10-14,West,Furniture,Bookcases,Customer_14,11,0.15,2955.44,131.76
ORD-1910,2023-04-29,East,Furniture,Furnishings,Customer_103,8,0.15,753.37,-25.3
ORD-1911,2024-05-02,West,Office Supplies,Art,Customer_122,5,0.0,1556.8,439.62
ORD-1912,2024-06-27,South,Furniture,Bookcases,Customer_115,7,0.2,1822.86,89.49
ORD-1913,2024-06-26,East,Furniture,Bookcases,Customer_111,10,0.15,259.76,57.29
ORD-1914,2023-12-10,North,Office Supplies,Binders,Customer_66,11,0.3,3090.55,-315.71
ORD-1915,2024-04-17,West,Technology,Machines,Customer_134,6,0.0,2941.14,678.12
ORD-1916,2023-11-17,East,Technology,Phones,Customer_18,1,0.3,206.77,7.12
ORD-1917,2023-04-11,East,Technology,Copiers,Customer_90,4,0.15,1386.42,176.0
ORD-1918,2023-09-15,West,Furniture,Chairs,Customer_24,1,0.1,65.49,4.68
ORD-1919,2024-09-05,East,Technology,Phones,Customer_23,10,0.0,4647.6,545.56
ORD-1920,2024-01-20,West,Furniture,Tables,Customer_65,5,0.4,577.08,-81.01
ORD-1921,2024-11-07,East,Technology,Copiers,Customer_71,7,0.2,1261.74,93.22
ORD-1922,2023-09-21,West,Furniture,Bookcases,Customer_16,7,0.3,2313.34,-272.49
ORD-1923,2023-12-07,East,Office Supplies,Storage,Customer_46,8,0.0,556.32,60.77
ORD-1924,2024-05-18,West,Technology,Copiers,Customer_46,11,0.4,2934.29,-223.76
ORD-1925,2023-04-22,West,Technology,Copiers,Customer_56,10,0.0,1500.9,442.44
ORD-1926,2024-03-28,North,Furniture,Chairs,Customer_19,2,0.15,734.52,135.12
ORD-1927,2024-04-01,East,Office Supplies,Paper,Customer_1,1,0.3,322.19,-36.84
ORD-1928,2023-09-30,West,Technology,Accessories,Customer_101,10,0.0,3799.7,714.96
ORD-1929,2024-06-11,South,Office Supplies,Art,Customer_104,12,0.0,5070.96,1361.79
ORD-1930,2024-07-07,West,Furniture,Furnishings,Customer_124,2,0.2,624.74,54.26
ORD-1931,2023-12-08,North,Office Supplies,Binders,Customer_24,6,0.2,465.31,24.9
ORD-1932,2023-03-24,South,Office Supplies,Paper,Customer_46,9,0.0,4432.41,1468.09
ORD-1933,2024-01-29,West,Office Supplies,Art,Customer_28,11,0.2,274.21,-16.6
ORD-1934,2024-05-13,Unknown,Technology,Copiers,Customer_49,3,0.0,223.65,59.89
ORD-1935,2023-07-17,East,Technology,Machines,Customer_126,7,0.0,2874.97,327.9
ORD-1936,2024-07-07,North,Office Supplies,Art,Customer_5,1,0.2,206.3,29.34
ORD-1937,2023-02-27,North,Technology,Phones,Customer_104,2,0.1,664.33,88.14
ORD-1938,2024-10-31,South,Technology,Machines,Customer_149,4,0.0,1197.08,242.42
ORD-1939,2023-02-07,West,Office Supplies,Binders,Customer_121,10,0.0,1558.0,341.99
ORD-1940,2023-09-06,West,Furniture,Tables,Customer_13,5,0.0,1737.75,542.17
ORD-1941,2024-04-12,West,Technology,Phones,Customer_28,2,0.4,386.14,-16.09
ORD-1942,2024-09-01,West,Furniture,Tables,Customer_110,6,0.3,371.45,-19.14
ORD-1943,2023-11-29,East,Technology,Machines,Customer_83,4,0.0,58.28,7.23
ORD-1944,2024-08-30,West,Office Supplies,Binders,Customer_31,5,0.0,1829.85,635.95
ORD-1945,2024-03-01,West,Technology,Accessories,Customer_142,3,0.4,105.48,-15.77
ORD-1946,2023-09-07,East,Furniture,Chairs,Customer_97,3,0.0,1206.09,134.13
ORD-1947,2024-05-13,East,Furniture,Chairs,Customer_46,2,0.15,479.38,71.87
ORD-1948,2024-03-02,South,Technology,Machines,Customer_53,3,0.15,795.17,-10.81
ORD-1949,2024-06-19,South,Office Supplies,Paper,Customer_45,10,0.0,1841.4,525.05
ORD-1950,2024-09-02,West,Technology,Copiers,Customer_23,11,0.15,2632.68,-180.16
ORD-1951,2023-12-23,South,Furniture,Tables,Customer_50,2,0.0,765.78,46.4
ORD-1952,2024-09-25,North,Technology,Machines,Customer_119,11,0.1,3716.56,114.26
ORD-1953,2023-10-11,East,Furniture,Chairs,Customer_39,11,0.4,3164.44,-505.1
ORD-1954,2024-05-24,West,Furniture,Chairs,Customer_14,11,0.2,1497.76,-97.85
ORD-1955,2023-10-19,West,Office Supplies,Storage,Customer_86,10,0.4,958.5,-6.71
ORD-1956,2023-02-14,East,Technology,Phones,Customer_138,3,0.0,1494.6,239.87
ORD-1957,2023-01-30,South,Technology,Phones,Customer_19,4,0.4,551.57,-29.44
ORD-1958,2024-08-29,North,Office Supplies,Paper,Customer_84,4,0.0,1776.96,404.99
ORD-1959,2023-11-30,West,Furniture,Tables,Customer_106,4,0.3,565.18,-37.42
ORD-1960,2023-08-14,East,Office Supplies,Art,Customer_14,7,0.0,2455.95,125.17
ORD-1961,2023-08-10,South,Furniture,Furnishings,Customer_96,3,0.4,564.48,-92.21
ORD-1962,2023-07-18,North,Office Supplies,Paper,Customer_86,3,0.0,1197.48,93.28
ORD-1963,2024-12-09,East,Office Supplies,Paper,Customer_29,8,0.4,1431.46,-179.95
ORD-1964,2024-03-04,West,Office Supplies,Paper,Customer_76,10,0.0,3247.4,225.55
ORD-1965,2024-10-15,West,Technology,Machines,Customer_23,7,0.4,1235.6,-125.48
ORD-1966,2023-08-10,South,Office Supplies,Storage,Customer_4,12,0.3,2391.65,-21.41
ORD-1967,2023-09-10,West,Office Supplies,Art,Customer_149,4,0.0,1365.88,398.15
ORD-1968,2024-08-10,Unknown,Office Supplies,Binders,Customer_11,8,0.0,1137.68,338.48
ORD-1969,2024-03-11,South,Office Supplies,Binders,Customer_116,8,0.1,1829.88,-12.59
ORD-1970,2023-03-27,East,Technology,Copiers,Customer_56,3,0.2,92.86,-0.9
ORD-1971,2023-10-30,West,Technology,Phones,Customer_5,8,0.15,2683.28,381.84
ORD-1972,2023-06-15,South,Technology,Phones,Customer_117,8,0.0,3171.36,650.7
ORD-1973,2024-12-21,South,Furniture,Bookcases,Customer_119,12,0.0,2708.4,255.23
ORD-1974,2024-10-04,East,Office Supplies,Storage,Customer_136,1,0.15,145.19,8.74
ORD-1975,2024-03-12,North,Technology,Machines,Customer_21,10,0.2,427.28,-18.72
ORD-1976,2023-02-26,North,Furniture,Chairs,Customer_99,6,0.4,1091.27,-53.8
ORD-1977,2024-09-25,East,Office Supplies,Storage,Customer_45,11,0.0,5491.09,1811.7
ORD-1978,2024-07-28,West,Furniture,Bookcases,Customer_62,9,0.0,2923.74,515.67
ORD-1979,2024-10-26,South,Technology,Machines,Customer_58,6,0.2,1544.3,194.11
ORD-1980,2023-10-01,South,Office Supplies,Binders,Customer_17,6,0.2,326.3,4.23
ORD-1981,2024-04-08,South,Technology,Phones,Customer_121,12,0.15,4299.3,194.11
ORD-1982,2024-04-07,North,Technology,Phones,Customer_49,8,0.0,2321.76,525.49
ORD-1983,2023-03-24,South,Furniture,Bookcases,Customer_20,2,0.0,200.78,31.86
ORD-1984,2023-10-10,East,Technology,Machines,Customer_128,3,0.1,469.56,-10.4
ORD-1985,2024-06-17,East,Office Supplies,Art,Customer_139,3,0.4,39.33,-0.81
ORD-1986,2023-12-22,South,Office Supplies,Binders,Customer_75,4,0.0,575.2,118.16
ORD-1987,2023-01-23,West,Technology,Accessories,Customer_106,10,0.2,1251.04,215.43
ORD-1988,2024-11-02,North,Office Supplies,Art,Customer_118,5,0.0,685.3,122.6
ORD-1989,2023-11-10,West,Office Supplies,Paper,Customer_124,6,0.15,2231.96,407.51
ORD-1990,2023-02-18,West,Office Supplies,Storage,Customer_117,3,0.0,303.57,88.28
ORD-1991,2024-12-29,North,Furniture,Tables,Customer_40,3,0.1,633.18,72.75
ORD-1992,2023-04-30,East,Office Supplies,Paper,Customer_113,5,0.2,301.64,-25.89
ORD-1993,2023-07-08,West,Technology,Phones,Customer_82,6,0.0,2200.14,437.69
ORD-1994,2024-01-17,South,Technology,Machines,Customer_137,5,0.0,1120.3,301.2
ORD-1995,2023-01-26,South,Office Supplies,Paper,Customer_118,6,0.0,2310.6,225.68
ORD-1996,2023-01-05,North,Technology,Accessories,Customer_122,5,0.0,1545.05,139.99
ORD-1997,2024-08-01,South,Office Supplies,Binders,Customer_123,1,0.0,378.17,93.44
ORD-1998,2024-11-25,East,Office Supplies,Binders,Customer_103,10,0.1,4308.66,-40.12
ORD-1999,2024-04-01,North,Furniture,Bookcases,Customer_15,10,0.1,341.64,18.67
ORD-2000,2024-08-20,West,Office Supplies,Paper,Customer_6,2,0.4,165.89,-32.5
ORD-2001,2024-11-24,East,Technology,Copiers,Customer_50,8,0.2,2905.98,-102.1
ORD-2002,2024-09-09,East,Technology,Accessories,Customer_102,3,0.3,300.85,11.38
ORD-2003,2024-01-14,South,Office Supplies,Binders,Customer_73,6,0.2,1105.78,136.03
ORD-2004,2023-11-12,South,Technology,Phones,Customer_56,12,0.4,302.62,-37.44
ORD-2005,2024-03-01,South,Office Supplies,Paper,Customer_109,12,0.3,222.35,-38.07
ORD-2006,2023-05-23,East,Furniture,Tables,Customer_78,8,0.2,2906.56,-198.3
ORD-2007,2023-03-09,South,Furniture,Chairs,Customer_105,11,0.15,2532.82,135.07
ORD-2008,2024-02-29,West,Technology,Copiers,Customer_146,3,0.1,486.54,116.75
ORD-2009,2023-07-10,South,Office Supplies,Art,Customer_11,5,0.15,87.93,11.36
ORD-2010,2024-05-20,South,Furniture,Chairs,Customer_1,3,0.15,1229.25,120.53
ORD-2011,2023-11-04,South,Furniture,Bookcases,Customer_107,3,0.4,844.27,-214.72
ORD-2012,2024-12-05,West,Furniture,Chairs,Customer_71,8,0.0,1721.68,220.46
ORD-2013,2024-09-05,North,Technology,Copiers,Customer_145,7,0.15,2190.2,491.46
ORD-2014,2024-10-05,South,Technology,Phones,Customer_96,9,0.0,1221.3,300.75
ORD-2015,2023-09-23,West,Technology,Phones,Customer_38,6,0.4,385.45,-38.7
ORD-2016,2024-12-10,West,Office Supplies,Paper,Customer_14,5,0.2,949.32,172.4
ORD-2017,2024-03-05,North,Furniture,Bookcases,Customer_75,9,0.0,2773.62,429.5
ORD-2018,2024-06-10,West,Technology,Machines,Customer_25,10,0.0,659.1,62.86
ORD-2019,2024-07-10,North,Office Supplies,Storage,Customer_70,11,0.2,1059.61,-36.78
ORD-2020,2023-04-09,North,Furniture,Chairs,Customer_36,9,0.15,3265.02,321.17
ORD-2021,2024-01-17,South,Office Supplies,Storage,Customer_42,2,0.1,479.63,2.13
ORD-2022,2023-06-08,West,Furniture,Chairs,Customer_107,8,0.0,3451.76,921.08
ORD-2023,2023-04-30,West,Furniture,Furnishings,Customer_90,5,0.2,172.64,17.67
ORD-2024,2023-05-23,South,Technology,Accessories,Customer_45,12,0.15,2818.57,-128.2
ORD-2025,2023-01-30,East,Furniture,Tables,Customer_37,12,0.1,2533.36,292.37
ORD-2026,2023-11-11,West,Furniture,Tables,Customer_21,7,0.0,638.61,213.11
ORD-2027,2023-03-21,East,Office Supplies,Art,Customer_11,4,0.0,1705.96,427.7
ORD-2028,2023-02-03,East,Office Supplies,Binders,Customer_65,1,0.0,236.52,41.04
ORD-2029,2023-11-05,East,Furniture,Chairs,Customer_53,10,0.1,2960.82,137.75
ORD-2030,2023-07-09,North,Furniture,Chairs,Customer_38,12,0.15,413.2,34.61
ORD-2031,2024-08-16,North,Office Supplies,Paper,Customer_129,12,0.1,4375.51,471.56
ORD-2032,2024-06-01,East,Furniture,Chairs,Customer_136,4,0.1,127.66,26.28
ORD-2033,2023-10-16,West,Technology,Phones,Customer_26,4,0.4,260.81,-50.18
ORD-2034,2024-01-11,West,Office Supplies,Binders,Customer_47,6,0.3,380.98,-34.64
ORD-2035,2024-03-10,West,Technology,Machines,Customer_105,2,0.2,609.3,27.92
ORD-2036,2023-05-07,South,Furniture,Tables,Customer_127,6,0.15,562.99,108.85
ORD-2037,2024-07-24,East,Furniture,Bookcases,Customer_127,2,0.3,617.4,43.94
ORD-2038,2023-10-18,South,Technology,Accessories,Customer_114,4,0.3,355.63,-19.43
ORD-2039,2023-10-25,South,Furniture,Chairs,Customer_122,11,0.2,4335.23,527.18
ORD-2040,2023-07-03,East,Technology,Copiers,Customer_27,7,0.4,97.9,-24.52
ORD-2041,2024-06-19,East,Furniture,Tables,Customer_102,7,0.0,1661.31,536.21
ORD-2042,2023-06-22,East,Office Supplies,Paper,Customer_87,4,0.3,767.09,151.33
ORD-2043,2023-05-06,West,Office Supplies,Art,Customer_72,12,0.15,629.14,79.92
ORD-2044,2024-10-21,South,Office Supplies,Art,Customer_104,8,0.15,2807.24,123.87
ORD-2045,2023-05-31,South,Furniture,Chairs,Customer_65,8,0.4,1872.24,36.21
ORD-2046,2023-08-25,West,Furniture,Chairs,Customer_14,2,0.4,131.82,-14.9
ORD-2047,2024-11-25,East,Furniture,Furnishings,Customer_84,3,0.15,384.28,64.5
ORD-2048,2024-09-28,East,Furniture,Furnishings,Customer_120,4,0.15,996.27,119.93
ORD-2049,2024-11-08,South,Office Supplies,Storage,Customer_139,6,0.0,2405.88,406.09
ORD-2050,2023-02-02,South,Furniture,Furnishings,Customer_116,6,0.3,1925.24,-57.93
ORD-2051,2024-03-29,South,Furniture,Chairs,Customer_46,9,0.15,668.61,92.78
ORD-2052,2024-12-24,West,Office Supplies,Art,Customer_35,5,0.3,1395.45,-132.53
ORD-2053,2024-05-14,East,Technology,Copiers,Customer_142,11,0.4,2838.13,5.23
ORD-2054,2024-05-02,West,Technology,Phones,Customer_101,5,0.4,437.04,10.95
ORD-2055,2024-08-28,South,Technology,Accessories,Customer_73,6,0.0,473.7,52.39
ORD-2056,2023-01-29,East,Furniture,Bookcases,Customer_90,12,0.0,1203.24,382.87
ORD-2057,2024-10-02,North,Office Supplies,Binders,Customer_110,6,0.2,1586.88,-102.15
ORD-2058,2024-02-26,North,Furniture,Tables,Customer_64,4,0.15,767.58,87.96
ORD-2059,2024-08-29,East,Technology,Phones,Customer_79,2,0.2,81.44,12.6
ORD-2060,2023-06-23,East,Technology,Accessories,Customer_10,8,0.3,2261.11,-86.91
ORD-2061,2024-08-04,South,Office Supplies,Binders,Customer_121,10,0.0,4838.9,848.4
ORD-2062,2023-11-21,South,Technology,Copiers,Customer_83,10,0.0,4922.1,1232.38
ORD-2063,2024-05-15,East,Technology,Machines,Customer_87,8,0.2,2054.34,-123.7
ORD-2064,2023-06-20,North,Office Supplies,Art,Customer_52,8,0.0,3537.12,630.48
ORD-2065,2024-07-02,West,Office Supplies,Storage,Customer_13,5,0.3,313.21,-58.33
ORD-2066,2023-08-20,East,Technology,Phones,Customer_87,5,0.0,1421.4,295.96
ORD-2067,2024-08-03,South,Office Supplies,Paper,Customer_89,2,0.15,616.22,121.44
ORD-2068,2024-05-31,North,Office Supplies,Storage,Customer_52,7,0.3,239.66,7.06
ORD-2069,2023-09-15,South,Technology,Machines,Customer_5,11,0.0,1120.13,344.39
ORD-2070,2024-08-13,South,Furniture,Furnishings,Customer_69,11,0.3,3167.32,-87.93
ORD-2071,2024-08-02,East,Technology,Machines,Customer_94,8,0.0,2864.16,413.31
ORD-2072,2023-09-04,West,Technology,Accessories,Customer_112,7,0.2,1348.87,184.11
ORD-2073,2023-03-07,West,Office Supplies,Storage,Customer_74,11,0.0,2585.44,406.79
ORD-2074,2023-09-20,West,Office Supplies,Paper,Customer_30,3,0.1,680.83,148.74
ORD-2075,2023-01-29,West,Office Supplies,Art,Customer_125,9,0.3,1097.77,-151.35
ORD-2076,2024-03-08,East,Furniture,Tables,Customer_70,3,0.0,1076.67,320.63
ORD-2077,2023-09-22,North,Technology,Machines,Customer_11,12,0.4,427.03,-84.57
ORD-2078,2023-01-21,Unknown,Furniture,Bookcases,Customer_77,2,0.3,111.4,-9.54
ORD-2079,2024-01-08,East,Office Supplies,Paper,Customer_61,2,0.0,461.34,126.71
ORD-2080,2024-06-18,North,Office Supplies,Binders,Customer_61,10,0.0,3290.6,777.5
ORD-2081,2023-11-17,North,Technology,Copiers,Customer_61,7,0.1,1150.76,255.97
ORD-2082,2023-05-28,East,Furniture,Tables,Customer_71,8,0.3,1349.21,139.96
ORD-2083,2023-09-18,East,Office Supplies,Storage,Customer_29,6,0.3,1347.07,-204.92
ORD-2084,2024-05-01,West,Office Supplies,Paper,Customer_93,8,0.2,2184.51,-27.24
ORD-2085,2023-11-12,East,Technology,Phones,Customer_14,12,0.1,3740.04,-34.06
ORD-2086,2023-09-17,South,Office Supplies,Storage,Customer_32,9,0.1,775.09,175.73
ORD-2087,2024-03-29,South,Furniture,Furnishings,Customer_66,5,0.0,606.6,182.65
ORD-2088,2023-08-30,North,Furniture,Tables,Customer_113,11,0.2,1292.28,107.08
ORD-2089,2024-10-21,South,Furniture,Bookcases,Customer_21,8,0.4,1680.62,-195.29
ORD-2090,2024-02-27,North,Technology,Copiers,Customer_26,3,0.15,406.98,-2.53
ORD-2091,2024-06-02,East,Office Supplies,Art,Customer_141,12,0.2,252.1,-4.74
ORD-2092,2024-04-09,East,Furniture,Tables,Customer_114,11,0.0,3630.55,1203.5
ORD-2093,2023-01-04,South,Furniture,Bookcases,Customer_81,10,0.0,4368.9,1222.5
ORD-2094,2023-04-24,West,Furniture,Tables,Customer_106,6,0.4,1426.82,-100.6
ORD-2095,2024-05-04,West,Office Supplies,Paper,Customer_84,5,0.1,618.93,149.88
ORD-2096,2023-03-28,South,Office Supplies,Paper,Customer_101,7,0.1,2133.56,294.71
ORD-2097,2023-01-22,East,Technology,Machines,Customer_23,8,0.1,463.54,48.26
ORD-2098,2023-09-26,West,Furniture,Furnishings,Customer_110,10,0.15,2002.43,379.2
ORD-2099,2023-06-02,East,Office Supplies,Paper,Customer_146,2,0.0,555.72,91.2
ORD-2100,2024-06-22,South,Office Supplies,Art,Customer_31,4,0.1,1759.07,5.66
ORD-2101,2023-07-15,North,Office Supplies,Art,Customer_98,3,0.3,455.81,-80.86
ORD-2102,2023-07-31,West,Office Supplies,Paper,Customer_108,3,0.3,782.36,66.83
ORD-2103,2023-05-30,East,Office Supplies,Storage,Customer_61,10,0.4,883.32,-11.04
ORD-2104,2023-09-12,North,Technology,Copiers,Customer_22,1,0.4,91.91,0.3
ORD-2105,2023-05-17,North,Technology,Copiers,Customer_55,12,0.3,3187.3,164.06
ORD-2106,2024-12-26,South,Technology,Accessories,Customer_19,2,0.0,37.64,12.75
ORD-2107,2023-02-23,North,Furniture,Furnishings,Customer_91,10,0.0,3660.7,517.72
ORD-2108,2023-01-06,North,Technology,Copiers,Customer_78,7,0.2,2331.84,-59.56
ORD-2109,2023-05-16,East,Technology,Machines,Customer_67,3,0.4,787.77,-186.09
ORD-2110,2023-12-14,South,Furniture,Chairs,Customer_82,12,0.3,2980.4,-82.83
ORD-2111,2023-05-26,North,Furniture,Bookcases,Customer_12,3,0.4,103.14,-20.36
ORD-2112,2023-10-15,North,Office Supplies,Storage,Customer_68,10,0.15,136.68,9.65
ORD-2113,2024-06-13,North,Office Supplies,Paper,Customer_81,12,0.4,1134.86,-102.7
ORD-2114,2023-06-04,South,Furniture,Tables,Customer_39,1,0.1,140.09,8.4
ORD-2115,2023-07-07,East,Office Supplies,Storage,Customer_42,12,0.4,2693.95,-688.46
ORD-2116,2024-03-22,East,Office Supplies,Binders,Customer_114,6,0.4,1628.71,-23.32
ORD-2117,2024-04-13,South,Furniture,Tables,Customer_32,6,0.0,2023.32,461.25
ORD-2118,2023-07-28,North,Furniture,Tables,Customer_131,5,0.1,2012.54,51.52
ORD-2119,2024-08-20,East,Technology,Machines,Customer_107,2,0.1,87.64,3.67
ORD-2120,2024-05-25,East,Office Supplies,Binders,Customer_73,11,0.0,4392.74,265.33
ORD-2121,2024-02-08,North,Technology,Phones,Customer_83,3,0.0,886.74,309.15
ORD-2122,2023-03-25,South,Technology,Copiers,Customer_117,11,0.15,4013.86,346.93
ORD-2123,2024-08-31,East,Office Supplies,Binders,Customer_116,6,0.0,247.08,73.98
ORD-2124,2023-08-05,East,Technology,Accessories,Customer_83,1,0.0,303.5,25.64
ORD-2125,2024-07-14,South,Furniture,Furnishings,Customer_66,3,0.1,151.17,36.72
ORD-2126,2024-02-13,East,Furniture,Tables,Customer_42,7,0.3,1655.76,97.34
ORD-2127,2023-10-19,West,Furniture,Bookcases,Customer_126,7,0.15,2622.16,266.23
ORD-2128,2024-12-02,West,Office Supplies,Binders,Customer_95,9,0.1,2134.76,211.61
ORD-2129,2024-05-16,South,Office Supplies,Art,Customer_69,10,0.3,1157.1,-68.99
ORD-2130,2023-04-03,South,Office Supplies,Paper,Customer_112,11,0.3,2996.84,-28.24
ORD-2131,2023-04-06,East,Technology,Accessories,Customer_119,11,0.1,4428.67,456.22
ORD-2132,2024-10-25,West,Office Supplies,Binders,Customer_75,8,0.3,1721.83,-1.05
ORD-2133,2023-03-23,South,Office Supplies,Paper,Customer_33,11,0.15,2804.35,394.82
ORD-2134,2023-09-12,South,Office Supplies,Binders,Customer_142,2,0.0,252.68,51.47
ORD-2135,2024-06-09,East,Technology,Copiers,Customer_106,2,0.4,73.28,-11.33
ORD-2136,2024-11-07,North,Office Supplies,Storage,Customer_150,2,0.0,497.92,122.32
ORD-2137,2023-04-27,South,Furniture,Tables,Customer_101,1,0.0,475.76,109.52
ORD-2138,2024-03-02,North,Office Supplies,Art,Customer_116,10,0.15,3182.06,260.55
ORD-2139,2023-12-16,West,Furniture,Tables,Customer_21,12,0.15,3271.24,-159.38
ORD-2140,2024-11-20,East,Office Supplies,Binders,Customer_2,7,0.0,942.55,149.45
ORD-2141,2023-01-14,West,Technology,Copiers,Customer_118,12,0.3,2028.77,-357.68
ORD-2142,2024-11-04,South,Office Supplies,Storage,Customer_102,5,0.0,393.05,52.29
ORD-2143,2023-05-09,West,Furniture,Tables,Customer_29,1,0.1,437.44,30.36
ORD-2144,2023-01-28,West,Office Supplies,Paper,Customer_62,7,0.1,1551.06,44.72
ORD-2145,2023-03-30,North,Office Supplies,Paper,Customer_122,7,0.0,2164.96,290.55
ORD-2146,2023-04-30,West,Furniture,Furnishings,Customer_125,8,0.0,891.44,182.72
ORD-2147,2024-04-05,West,Furniture,Bookcases,Customer_146,7,0.0,88.9,4.65
ORD-2148,2023-12-08,East,Furniture,Furnishings,Customer_107,8,0.15,797.91,-47.06
ORD-2149,2023-02-07,South,Office Supplies,Art,Customer_132,10,0.4,377.58,-63.56
ORD-2150,2023-08-26,East,Technology,Phones,Customer_109,10,0.2,3226.16,198.78
ORD-2151,2024-07-20,East,Office Supplies,Art,Customer_122,2,0.4,313.45,-57.03
ORD-2152,2024-09-29,North,Office Supplies,Art,Customer_6,3,0.15,1189.73,58.42
ORD-2153,2023-07-16,South,Office Supplies,Art,Customer_60,9,0.1,426.71,66.19
ORD-2154,2024-08-24,North,Technology,Copiers,Customer_34,5,0.3,230.23,-19.9
ORD-2155,2024-03-02,North,Office Supplies,Paper,Customer_54,5,0.0,1293.15,403.81
ORD-2156,2024-11-14,South,Furniture,Tables,Customer_52,3,0.4,453.31,-26.89
ORD-2157,2023-04-14,South,Office Supplies,Storage,Customer_61,4,0.0,1985.92,177.63
ORD-2158,2023-01-19,North,Office Supplies,Storage,Customer_41,3,0.0,433.86,73.05
ORD-2159,2023-03-07,North,Office Supplies,Binders,Customer_59,2,0.1,390.06,36.4
ORD-2160,2024-05-13,North,Office Supplies,Storage,Customer_12,9,0.15,3478.68,501.66
ORD-2161,2023-06-04,East,Technology,Phones,Customer_113,8,0.0,2462.96,351.74
ORD-2162,2023-04-19,East,Technology,Phones,Customer_130,2,0.0,827.32,278.41
ORD-2163,2024-10-07,East,Furniture,Bookcases,Customer_41,12,0.15,4206.38,-292.47
ORD-2164,2024-12-26,South,Technology,Copiers,Customer_26,3,0.2,772.42,-73.12
ORD-2165,2023-12-09,West,Furniture,Tables,Customer_113,7,0.0,953.61,64.71
ORD-2166,2023-09-09,South,Office Supplies,Storage,Customer_130,3,0.0,917.58,234.88
ORD-2167,2023-09-30,North,Technology,Copiers,Customer_93,11,0.1,654.39,55.72
ORD-2168,2023-06-05,Unknown,Furniture,Tables,Customer_110,7,0.3,1144.44,-90.74
ORD-2169,2024-04-14,North,Furniture,Furnishings,Customer_38,1,0.0,69.3,12.17
ORD-2170,2023-03-28,North,Office Supplies,Art,Customer_43,7,0.0,2646.56,188.71
ORD-2171,2024-02-07,East,Technology,Machines,Customer_148,1,0.15,41.9,1.53
ORD-2172,2024-03-05,South,Technology,Accessories,Customer_81,6,0.0,2828.7,708.79
ORD-2173,2023-10-14,West,Technology,Copiers,Customer_115,11,0.1,3391.25,266.47
ORD-2174,2024-07-11,South,Technology,Accessories,Customer_104,4,0.15,1023.03,-68.5
ORD-2175,2023-03-28,East,Technology,Accessories,Customer_100,12,0.0,3860.28,1250.68
ORD-2176,2024-06-16,North,Furniture,Chairs,Customer_131,9,0.15,2372.72,455.82
ORD-2177,2024-06-17,North,Technology,Machines,Customer_6,1,0.15,310.04,-10.49
ORD-2178,2023-09-05,North,Technology,Copiers,Customer_130,2,0.0,904.4,63.25
ORD-2179,2024-01-17,North,Technology,Accessories,Customer_32,1,0.0,271.64,25.17
ORD-2180,2024-04-04,North,Technology,Phones,Customer_117,6,0.1,85.0,158.19
ORD-2181,2024-08-18,West,Office Supplies,Storage,Customer_73,11,0.0,1700.27,332.91
ORD-2182,2024-01-22,West,Furniture,Bookcases,Customer_133,10,0.1,2635.47,-44.48
ORD-2183,2024-01-05,South,Furniture,Tables,Customer_109,7,0.0,491.89,107.03
ORD-2184,2023-04-05,East,Office Supplies,Paper,Customer_122,4,0.4,427.56,-21.91
ORD-2185,2023-03-21,North,Technology,Copiers,Customer_144,9,0.3,2076.61,132.24
ORD-2186,2023-09-28,South,Technology,Copiers,Customer_113,12,0.4,2515.1,-354.68
ORD-2187,2024-03-02,West,Furniture,Tables,Customer_125,12,0.4,2446.2,-458.38
ORD-2188,2023-05-13,East,Technology,Machines,Customer_117,8,0.0,1280.72,367.18
ORD-2189,2023-06-10,North,Furniture,Furnishings,Customer_29,2,0.2,366.0,47.4
ORD-2190,2024-08-08,North,Furniture,Tables,Customer_31,6,0.15,2106.25,394.43
ORD-2191,2024-01-19,North,Office Supplies,Art,Customer_8,3,0.0,1377.45,246.97
ORD-2192,2024-08-26,South,Furniture,Bookcases,Customer_73,4,0.0,664.96,149.39
ORD-2193,2024-05-15,East,Furniture,Bookcases,Customer_18,1,0.3,134.31,-1.3
ORD-2194,2024-05-07,North,Technology,Copiers,Customer_87,7,0.4,1494.11,-94.84
ORD-2195,2024-09-12,West,Furniture,Furnishings,Customer_116,11,0.4,1277.3,-280.93
ORD-2196,2023-06-02,North,Furniture,Furnishings,Customer_100,4,0.3,618.69,-91.08
ORD-2197,2023-12-14,Unknown,Technology,Copiers,Customer_72,11,0.0,4907.65,754.62
ORD-2198,2023-06-19,Unknown,Technology,Accessories,Customer_144,11,0.0,942.59,54.33
ORD-2199,2024-10-21,East,Furniture,Chairs,Customer_146,9,0.1,2644.24,425.91
ORD-2200,2024-05-02,East,Furniture,Tables,Customer_5,5,0.1,796.05,-6.76
ORD-2201,2023-09-09,South,Furniture,Bookcases,Customer_103,10,0.0,2107.2,302.1
ORD-2202,2024-05-18,East,Office Supplies,Art,Customer_47,7,0.0,2392.53,554.43
ORD-2203,2024-06-24,North,Office Supplies,Storage,Customer_24,2,0.0,377.3,43.53
ORD-2204,2024-07-08,West,Office Supplies,Paper,Customer_47,5,0.0,2470.7,151.33
ORD-2205,2023-06-07,North,Office Supplies,Paper,Customer_16,10,0.2,2778.0,-188.44
ORD-2206,2023-07-05,East,Technology,Phones,Customer_77,7,0.0,1735.58,101.12
ORD-2207,2023-11-24,West,Office Supplies,Storage,Customer_67,7,0.0,1803.69,611.82
ORD-2208,2023-02-23,West,Furniture,Tables,Customer_127,9,0.3,1249.04,-222.71
ORD-2209,2023-04-28,North,Furniture,Bookcases,Customer_119,9,0.3,158.57,-11.67
ORD-2210,2023-03-09,South,Furniture,Furnishings,Customer_60,1,0.15,75.15,-4.73
ORD-2211,2024-07-21,East,Furniture,Tables,Customer_78,10,0.3,2663.78,-139.7
ORD-2212,2024-04-01,East,Technology,Machines,Customer_37,6,0.0,910.38,291.34
ORD-2213,2023-09-09,South,Technology,Copiers,Customer_11,1,0.4,40.15,0.67
ORD-2214,2024-09-27,North,Technology,Machines,Customer_1,1,0.4,98.3,-0.34
ORD-2215,2023-10-07,North,Technology,Copiers,Customer_90,11,0.1,3023.86,659.24
ORD-2216,2024-08-22,North,Furniture,Tables,Customer_137,10,0.0,4921.7,671.92
ORD-2217,2023-11-04,East,Office Supplies,Binders,Customer_36,12,0.15,4905.79,229.81
ORD-2218,2024-03-18,West,Technology,Accessories,Customer_88,11,0.15,1859.71,59.73
ORD-2219,2024-12-25,South,Office Supplies,Paper,Customer_83,6,0.1,1486.57,24.15
ORD-2220,2024-04-15,North,Furniture,Tables,Customer_1,10,0.4,1687.92,-181.43
ORD-2221,2023-01-05,East,Technology,Machines,Customer_106,9,0.4,2069.98,-41.2
ORD-2222,2024-02-07,East,Technology,Phones,Customer_138,1,0.4,135.49,-24.29
ORD-2223,2024-11-19,East,Office Supplies,Art,Customer_92,7,0.0,959.49,104.0
ORD-2224,2024-12-14,East,Furniture,Furnishings,Customer_95,4,0.4,91.8,-15.35
ORD-2225,2023-01-10,West,Technology,Phones,Customer_72,11,0.2,1253.3,225.5
ORD-2226,2023-07-16,East,Technology,Accessories,Customer_57,4,0.4,679.87,-112.73
ORD-2227,2024-01-07,East,Office Supplies,Art,Customer_54,1,0.1,264.99,3.12
ORD-2228,2024-10-15,South,Furniture,Bookcases,Customer_146,9,0.4,1228.93,-100.93
ORD-2229,2023-06-24,West,Technology,Machines,Customer_17,10,0.0,2495.6,425.58
ORD-2230,2023-03-08,West,Office Supplies,Paper,Customer_134,12,0.15,5069.3,983.92
ORD-2231,2023-07-16,East,Technology,Accessories,Customer_144,8,0.0,2523.76,557.28
ORD-2232,2024-03-13,East,Office Supplies,Art,Customer_105,5,0.0,1570.6,173.38
ORD-2233,2024-11-27,South,Office Supplies,Storage,Customer_133,1,0.1,183.26,-3.33
ORD-2234,2023-02-18,North,Office Supplies,Art,Customer_81,1,0.3,170.11,-4.61
ORD-2235,2023-07-19,North,Furniture,Chairs,Customer_58,12,0.3,1021.44,101.34
ORD-2236,2023-03-18,West,Furniture,Tables,Customer_85,5,0.0,2278.15,607.45
ORD-2237,2024-10-03,East,Furniture,Furnishings,Customer_111,1,0.2,217.09,32.78
ORD-2238,2023-09-14,West,Furniture,Furnishings,Customer_62,6,0.0,444.12,127.53
ORD-2239,2023-12-08,West,Furniture,Furnishings,Customer_25,11,0.4,469.66,-14.91
ORD-2240,2024-08-15,East,Furniture,Chairs,Customer_9,7,0.2,812.73,124.45
ORD-2241,2024-12-11,East,Furniture,Chairs,Customer_114,1,0.15,401.69,-10.19
ORD-2242,2024-09-17,South,Furniture,Chairs,Customer_15,9,0.0,2130.39,733.49
ORD-2243,2023-10-29,South,Office Supplies,Binders,Customer_106,4,0.0,987.48,305.19
ORD-2244,2024-04-09,South,Office Supplies,Art,Customer_26,6,0.0,1790.88,291.2
ORD-2245,2024-04-09,North,Technology,Machines,Customer_28,2,0.0,300.06,33.3
ORD-2246,2024-09-01,East,Technology,Machines,Customer_147,3,0.15,977.36,44.92
ORD-2247,2023-12-30,South,Office Supplies,Art,Customer_48,4,0.0,1042.08,206.02
ORD-2248,2023-02-15,East,Furniture,Bookcases,Customer_150,7,0.2,1640.07,245.47
ORD-2249,2023-11-15,West,Furniture,Furnishings,Customer_80,10,0.2,3924.48,48.17
ORD-2250,2023-10-26,North,Furniture,Tables,Customer_15,4,0.0,1661.92,464.27
ORD-2251,2024-03-08,North,Furniture,Tables,Customer_52,2,0.2,465.65,82.33
ORD-2252,2023-07-13,South,Technology,Copiers,Customer_85,10,0.2,865.84,-66.86
ORD-2253,2024-09-22,North,Office Supplies,Storage,Customer_42,2,0.4,514.13,-71.08
ORD-2254,2023-02-13,South,Furniture,Chairs,Customer_58,12,0.1,4590.11,1092.11
ORD-2255,2024-04-22,West,Furniture,Furnishings,Customer_85,12,0.3,341.04,25.59
ORD-2256,2023-07-30,South,Furniture,Chairs,Customer_93,1,0.0,229.68,46.65
ORD-2257,2024-01-02,East,Technology,Phones,Customer_37,5,0.4,951.09,7.53
ORD-2258,2023-07-19,North,Furniture,Chairs,Customer_51,4,0.15,65.86,4.81
ORD-2259,2023-06-28,Unknown,Office Supplies,Paper,Customer_87,9,0.1,2810.54,525.04
ORD-2260,2023-07-02,West,Furniture,Tables,Customer_68,2,0.0,698.68,63.11
ORD-2261,2024-11-24,West,Office Supplies,Binders,Customer_87,4,0.15,532.78,20.04
ORD-2262,2024-04-12,Unknown,Office Supplies,Storage,Customer_44,9,0.3,2546.27,-270.85
ORD-2263,2024-12-29,East,Furniture,Tables,Customer_34,4,0.1,407.7,104.87
ORD-2264,2024-06-29,South,Technology,Accessories,Customer_82,10,0.3,100.38,10.98
ORD-2265,2024-10-13,West,Furniture,Tables,Customer_138,5,0.0,1708.2,509.97
ORD-2266,2023-12-02,West,Furniture,Bookcases,Customer_33,9,0.4,833.54,-221.48
ORD-2267,2023-08-03,East,Office Supplies,Binders,Customer_43,9,0.3,2340.83,141.02
ORD-2268,2024-10-22,North,Office Supplies,Art,Customer_46,6,0.2,1789.58,-120.16
ORD-2269,2024-06-22,South,Technology,Copiers,Customer_122,5,0.3,1327.13,53.98
ORD-2270,2024-10-15,East,Furniture,Tables,Customer_52,8,0.1,2395.3,478.66
ORD-2271,2024-02-10,West,Office Supplies,Art,Customer_97,10,0.0,4245.0,151.33
ORD-2272,2024-01-19,North,Technology,Phones,Customer_35,2,0.15,90.81,6.93
ORD-2273,2024-03-31,North,Furniture,Chairs,Customer_120,9,0.2,345.96,4.24
ORD-2274,2024-03-12,South,Office Supplies,Art,Customer_105,6,0.4,754.13,-188.68
ORD-2275,2023-11-21,North,Office Supplies,Binders,Customer_46,8,0.1,1302.62,4.3
ORD-2276,2023-09-29,East,Office Supplies,Binders,Customer_76,9,0.0,3654.36,1221.68
ORD-2277,2023-10-11,West,Furniture,Chairs,Customer_19,6,0.0,272.64,91.75
ORD-2278,2024-07-13,West,Office Supplies,Paper,Customer_85,5,0.15,1130.75,22.47
ORD-2279,2024-11-30,North,Furniture,Tables,Customer_140,5,0.0,238.3,47.7
ORD-2280,2023-11-03,North,Office Supplies,Art,Customer_104,10,0.0,3993.1,1046.7
ORD-2281,2024-04-28,West,Office Supplies,Paper,Customer_59,12,0.1,373.79,-3.04
ORD-2282,2024-04-30,West,Technology,Copiers,Customer_119,6,0.0,1244.46,172.47
ORD-2283,2023-11-17,West,Office Supplies,Art,Customer_54,8,0.4,594.58,-110.41
ORD-2284,2024-07-25,East,Office Supplies,Paper,Customer_148,3,0.15,1029.46,214.92
ORD-2285,2023-01-10,South,Technology,Accessories,Customer_87,4,0.3,583.8,47.77
ORD-2286,2024-03-11,South,Technology,Accessories,Customer_84,10,0.0,1675.3,323.22
ORD-2287,2024-08-04,East,Furniture,Tables,Customer_85,10,0.3,845.25,1.81
ORD-2288,2024-01-26,West,Office Supplies,Binders,Customer_137,7,0.1,3085.11,151.33
ORD-2289,2024-05-01,East,Office Supplies,Art,Customer_78,2,0.0,370.66,90.57
ORD-2290,2023-04-17,West,Furniture,Furnishings,Customer_7,3,0.1,189.62,44.86
ORD-2291,2023-03-13,South,Office Supplies,Paper,Customer_60,5,0.0,1282.55,237.02
ORD-2292,2024-04-10,East,Office Supplies,Binders,Customer_44,6,0.3,1247.69,-3.2
ORD-2293,2024-02-05,West,Furniture,Tables,Customer_138,7,0.4,189.71,-12.37
ORD-2294,2023-03-12,South,Furniture,Tables,Customer_53,5,0.3,449.92,10.88
ORD-2295,2024-12-27,South,Furniture,Bookcases,Customer_52,9,0.4,2230.42,-64.26
ORD-2296,2023-10-10,West,Furniture,Tables,Customer_115,2,0.3,393.02,-13.34
ORD-2297,2024-09-11,West,Technology,Accessories,Customer_146,8,0.4,384.05,-14.36
ORD-2298,2024-04-18,East,Technology,Phones,Customer_74,11,0.4,943.73,-114.18
ORD-2299,2023-12-22,North,Office Supplies,Paper,Customer_107,4,0.0,597.16,53.83
ORD-2300,2024-09-24,South,Office Supplies,Art,Customer_47,12,0.0,3821.76,253.38
ORD-2301,2024-02-07,East,Furniture,Tables,Customer_71,11,0.15,3523.45,89.06
ORD-2302,2024-11-13,East,Technology,Machines,Customer_127,7,0.0,70.49,14.33
ORD-2303,2024-01-13,East,Furniture,Bookcases,Customer_105,8,0.0,263.68,35.03
ORD-2304,2023-09-16,West,Technology,Phones,Customer_119,1,0.0,356.42,24.52
ORD-2305,2024-10-16,South,Office Supplies,Storage,Customer_103,4,0.3,1179.58,-222.77
ORD-2306,2023-02-08,East,Office Supplies,Binders,Customer_35,6,0.4,471.38,-22.5
ORD-2307,2024-05-11,South,Furniture,Chairs,Customer_141,11,0.1,1633.2,0.93
ORD-2308,2024-12-31,South,Furniture,Furnishings,Customer_72,3,0.0,559.53,73.36
ORD-2309,2023-01-19,Unknown,Furniture,Bookcases,Customer_32,9,0.3,2664.46,-255.78
ORD-2310,2023-06-22,East,Technology,Phones,Customer_70,3,0.4,713.84,-1.74
ORD-2311,2024-01-02,West,Furniture,Chairs,Customer_137,4,0.4,534.17,1.59
ORD-2312,2024-12-14,East,Technology,Phones,Customer_100,12,0.15,1987.88,435.79
ORD-2313,2024-03-30,East,Technology,Phones,Customer_13,7,0.1,338.62,59.63
ORD-2314,2023-09-13,North,Furniture,Tables,Customer_24,1,0.3,176.38,-13.0
ORD-2315,2023-01-29,East,Office Supplies,Paper,Customer_17,4,0.0,1280.12,334.31
ORD-2316,2024-11-11,West,Technology,Machines,Customer_12,7,0.0,84.98,8.51
ORD-2317,2023-12-01,North,Technology,Machines,Customer_54,9,0.3,2264.16,22.45
ORD-2318,2024-03-14,East,Furniture,Tables,Customer_28,6,0.2,2320.13,274.5
ORD-2319,2023-06-27,East,Office Supplies,Storage,Customer_4,7,0.1,2998.04,541.93
ORD-2320,2024-04-14,West,Furniture,Bookcases,Customer_95,1,0.0,156.05,12.74
ORD-2321,2023-08-12,South,Office Supplies,Art,Customer_27,12,0.0,4717.08,1147.41
ORD-2322,2023-09-15,East,Technology,Accessories,Customer_100,11,0.0,369.71,58.42
ORD-2323,2023-12-07,West,Technology,Accessories,Customer_124,2,0.2,766.13,30.74
ORD-2324,2023-01-19,South,Office Supplies,Paper,Customer_129,10,0.0,2220.4,415.9
ORD-2325,2023-08-27,East,Technology,Phones,Customer_80,4,0.3,314.58,-24.97
ORD-2326,2023-09-07,Unknown,Furniture,Tables,Customer_96,8,0.15,1300.23,-70.59
ORD-2327,2023-07-26,West,Office Supplies,Paper,Customer_10,4,0.4,926.66,151.33
ORD-2328,2023-12-03,West,Office Supplies,Storage,Customer_11,9,0.3,2601.08,169.34
ORD-2329,2024-10-25,North,Furniture,Tables,Customer_85,6,0.1,614.95,102.82
ORD-2330,2023-07-30,East,Technology,Machines,Customer_57,10,0.3,1689.94,125.14
ORD-2331,2024-06-17,North,Furniture,Furnishings,Customer_2,2,0.4,138.85,-9.26
ORD-2332,2023-03-13,West,Furniture,Tables,Customer_53,3,0.0,923.4,127.97
ORD-2333,2023-06-27,West,Furniture,Chairs,Customer_110,12,0.4,553.9,-41.27
ORD-2334,2023-11-15,West,Technology,Machines,Customer_63,7,0.0,2603.37,376.68
ORD-2335,2024-09-12,West,Office Supplies,Storage,Customer_148,8,0.1,2346.98,207.8
ORD-2336,2023-10-06,South,Furniture,Bookcases,Customer_102,7,0.0,2516.29,276.2
ORD-2337,2024-04-27,South,Office Supplies,Art,Customer_40,8,0.0,3569.68,486.27
ORD-2338,2024-01-26,South,Furniture,Bookcases,Customer_138,3,0.0,570.66,38.48
ORD-2339,2023-09-21,South,Office Supplies,Storage,Customer_117,5,0.3,226.24,-7.97
ORD-2340,2024-07-29,South,Furniture,Bookcases,Customer_35,12,0.4,1016.06,-19.67
ORD-2341,2023-07-20,West,Furniture,Chairs,Customer_4,9,0.2,123.84,0.46
ORD-2342,2024-05-18,South,Office Supplies,Art,Customer_96,7,0.4,736.26,-194.52
ORD-2343,2023-11-12,East,Office Supplies,Binders,Customer_32,7,0.0,496.58,86.45
ORD-2344,2023-07-18,South,Office Supplies,Storage,Customer_131,12,0.4,1810.8,-269.29
ORD-2345,2024-10-12,North,Technology,Phones,Customer_99,7,0.1,1702.01,252.82
ORD-2346,2023-09-06,South,Furniture,Bookcases,Customer_8,12,0.0,178.32,33.74
ORD-2347,2023-09-25,South,Technology,Machines,Customer_66,4,0.0,1928.44,396.7
ORD-2348,2023-01-13,East,Furniture,Furnishings,Customer_102,12,0.0,4104.0,589.17
ORD-2349,2024-06-14,West,Office Supplies,Paper,Customer_110,5,0.15,1654.36,267.8
ORD-2350,2024-05-27,South,Technology,Accessories,Customer_106,12,0.0,3185.28,1091.93
ORD-2351,2023-04-22,North,Furniture,Bookcases,Customer_54,12,0.3,600.77,-111.09
ORD-2352,2024-12-16,North,Furniture,Tables,Customer_126,1,0.0,387.38,113.17
ORD-2353,2023-03-13,South,Technology,Copiers,Customer_74,12,0.3,578.76,-63.85
ORD-2354,2023-06-24,West,Office Supplies,Paper,Customer_35,4,0.4,44.64,-8.12
ORD-2355,2023-07-06,East,Office Supplies,Paper,Customer_48,4,0.0,1555.36,319.45
ORD-2356,2023-07-07,West,Office Supplies,Art,Customer_113,11,0.0,1986.27,320.83
ORD-2357,2024-10-13,West,Furniture,Bookcases,Customer_22,7,0.0,74.62,10.44
ORD-2358,2023-10-11,East,Office Supplies,Binders,Customer_150,4,0.4,784.22,17.46
ORD-2359,2024-05-11,East,Furniture,Chairs,Customer_69,1,0.0,425.06,24.26
ORD-2360,2023-04-10,West,Technology,Phones,Customer_97,10,0.15,3827.47,631.38
ORD-2361,2024-05-12,South,Office Supplies,Art,Customer_87,6,0.2,1883.42,51.6
ORD-2362,2023-11-19,West,Office Supplies,Art,Customer_97,10,0.0,2050.2,288.82
ORD-2363,2023-12-31,North,Furniture,Chairs,Customer_117,12,0.3,354.4,-43.07
ORD-2364,2023-05-23,East,Technology,Phones,Customer_136,5,0.1,588.78,67.84
ORD-2365,2024-01-13,South,Technology,Copiers,Customer_132,7,0.1,2370.38,265.82
ORD-2366,2023-01-04,North,Furniture,Bookcases,Customer_12,12,0.2,368.06,65.27
ORD-2367,2024-11-25,South,Furniture,Furnishings,Customer_103,12,0.0,5663.16,1617.15
ORD-2368,2023-12-23,South,Office Supplies,Binders,Customer_99,5,0.1,2230.88,297.48
ORD-2369,2024-12-30,West,Technology,Phones,Customer_33,8,0.0,3854.08,280.12
ORD-2370,2023-11-05,South,Furniture,Furnishings,Customer_30,8,0.1,1362.1,51.23
ORD-2371,2023-09-07,West,Furniture,Chairs,Customer_28,7,0.0,741.72,68.42
ORD-2372,2023-06-14,North,Office Supplies,Storage,Customer_57,12,0.15,3212.8,528.17
ORD-2373,2024-11-12,South,Technology,Phones,Customer_35,9,0.4,1584.2,-357.89
ORD-2374,2023-04-03,North,Furniture,Chairs,Customer_88,7,0.3,1996.5,1.57
ORD-2375,2024-10-31,South,Furniture,Tables,Customer_67,2,0.15,340.34,45.01
ORD-2376,2023-03-31,East,Furniture,Bookcases,Customer_49,12,0.0,1648.2,253.09
ORD-2377,2024-08-09,North,Furniture,Bookcases,Customer_98,10,0.0,4595.7,630.31
ORD-2378,2023-11-15,East,Technology,Machines,Customer_100,7,0.2,1345.62,211.32
ORD-2379,2024-01-09,West,Technology,Machines,Customer_28,7,0.0,2497.46,171.48
ORD-2380,2024-07-05,South,Office Supplies,Paper,Customer_76,4,0.4,197.23,-52.79
ORD-2381,2024-11-27,South,Furniture,Bookcases,Customer_38,12,0.0,3829.8,705.84
ORD-2382,2024-09-05,North,Office Supplies,Binders,Customer_71,12,0.4,545.69,9.48
ORD-2383,2024-10-08,Unknown,Office Supplies,Storage,Customer_97,1,0.2,215.62,-8.07
ORD-2384,2023-06-06,West,Technology,Machines,Customer_14,3,0.4,459.54,-30.38
ORD-2385,2024-02-06,North,Technology,Machines,Customer_6,9,0.3,298.37,-32.1
ORD-2386,2023-12-12,South,Technology,Copiers,Customer_90,7,0.3,1986.51,-103.5
ORD-2387,2023-03-15,North,Office Supplies,Paper,Customer_141,7,0.0,1944.74,349.75
ORD-2388,2023-05-15,North,Technology,Phones,Customer_78,8,0.0,252.08,25.14
ORD-2389,2024-08-14,West,Office Supplies,Art,Customer_75,3,0.1,616.46,20.19
ORD-2390,2023-08-12,West,Technology,Phones,Customer_93,12,0.0,413.88,125.44
ORD-2391,2024-11-25,West,Office Supplies,Art,Customer_44,1,0.0,490.78,141.32
ORD-2392,2023-12-31,South,Furniture,Chairs,Customer_31,9,0.2,3084.12,-115.37
ORD-2393,2024-08-30,South,Furniture,Furnishings,Customer_63,1,0.0,480.71,52.43
ORD-2394,2023-09-04,South,Office Supplies,Storage,Customer_45,11,0.3,3666.74,397.64
ORD-2395,2024-12-09,East,Office Supplies,Art,Customer_71,11,0.4,2367.68,57.64
ORD-2396,2024-01-12,East,Furniture,Chairs,Customer_22,2,0.4,346.88,-66.65
ORD-2397,2024-10-18,West,Furniture,Furnishings,Customer_71,12,0.0,2689.56,613.4
ORD-2398,2024-08-30,West,Office Supplies,Art,Customer_112,5,0.0,229.05,54.22
ORD-2399,2023-04-12,North,Furniture,Tables,Customer_104,12,0.0,5889.36,630.35
ORD-2400,2024-02-08,South,Furniture,Chairs,Customer_54,11,0.0,4382.07,1412.65
ORD-2401,2023-07-05,West,Furniture,Furnishings,Customer_81,2,0.0,944.82,319.39
ORD-2402,2023-05-12,West,Technology,Machines,Customer_23,9,0.15,2031.23,453.36
ORD-2403,2023-02-05,East,Furniture,Bookcases,Customer_94,9,0.0,3429.72,337.83
ORD-2404,2024-03-09,East,Furniture,Bookcases,Customer_12,9,0.15,1864.15,271.23
ORD-2405,2024-11-05,South,Furniture,Furnishings,Customer_81,9,0.2,944.64,77.63
ORD-2406,2024-09-12,West,Technology,Phones,Customer_12,4,0.0,1346.52,133.05
ORD-2407,2023-07-12,West,Office Supplies,Paper,Customer_35,10,0.1,2582.01,520.24
ORD-2408,2024-08-28,North,Office Supplies,Paper,Customer_109,2,0.15,432.58,-28.71
ORD-2409,2023-09-24,South,Technology,Machines,Customer_103,8,0.0,115.44,18.14
ORD-2410,2023-09-18,South,Technology,Machines,Customer_138,4,0.0,1855.36,220.05
ORD-2411,2024-10-06,North,Technology,Machines,Customer_96,10,0.0,3208.4,374.17
ORD-2412,2024-03-05,West,Office Supplies,Art,Customer_98,1,0.1,150.86,33.85
ORD-2413,2023-03-21,North,Furniture,Chairs,Customer_141,7,0.0,2569.98,202.05
ORD-2414,2023-12-04,East,Office Supplies,Storage,Customer_70,3,0.1,594.16,-12.63
ORD-2415,2023-10-08,East,Furniture,Furnishings,Customer_57,7,0.0,1719.48,427.69
ORD-2416,2023-05-07,West,Technology,Accessories,Customer_126,2,0.2,108.91,-2.54
ORD-2417,2024-12-18,North,Technology,Accessories,Customer_26,1,0.0,204.94,66.78
ORD-2418,2023-11-22,South,Furniture,Bookcases,Customer_137,9,0.3,3129.15,-552.38
ORD-2419,2024-05-03,West,Office Supplies,Binders,Customer_132,12,0.0,4594.68,742.12
ORD-2420,2024-11-04,West,Furniture,Furnishings,Customer_146,12,0.15,2063.46,322.48
ORD-2421,2023-02-24,Unknown,Technology,Machines,Customer_108,12,0.4,3312.22,50.61
ORD-2422,2023-07-07,South,Office Supplies,Art,Customer_129,5,0.15,1244.36,46.21
ORD-2423,2024-03-14,West,Office Supplies,Binders,Customer_79,7,0.2,2217.04,-76.93
ORD-2424,2023-04-03,East,Furniture,Tables,Customer_24,3,0.0,859.2,135.39
ORD-2425,2023-03-28,North,Technology,Copiers,Customer_3,7,0.0,2322.25,283.59
ORD-2426,2024-05-06,South,Technology,Phones,Customer_104,1,0.1,93.49,22.95
ORD-2427,2023-01-08,South,Technology,Accessories,Customer_63,12,0.0,718.56,145.0
ORD-2428,2024-09-13,South,Furniture,Tables,Customer_45,2,0.2,189.15,-18.6
ORD-2429,2023-05-17,North,Furniture,Furnishings,Customer_127,7,0.0,193.55,19.85
ORD-2430,2024-01-18,East,Office Supplies,Paper,Customer_139,2,0.15,739.02,10.9
ORD-2431,2023-11-03,South,Office Supplies,Storage,Customer_55,1,0.3,333.0,-5.17
ORD-2432,2023-08-11,North,Technology,Phones,Customer_119,10,0.4,1343.64,158.19
ORD-2433,2023-02-28,North,Furniture,Furnishings,Customer_85,5,0.2,1052.72,123.83
ORD-2434,2023-04-20,East,Office Supplies,Paper,Customer_103,6,0.0,890.52,138.85
ORD-2435,2023-04-14,South,Office Supplies,Paper,Customer_22,9,0.0,4032.99,1346.76
ORD-2436,2024-02-25,East,Office Supplies,Binders,Customer_40,11,0.15,4182.72,233.54
ORD-2437,2023-08-20,South,Office Supplies,Storage,Customer_77,6,0.3,1648.0,-77.62
ORD-2438,2023-07-06,North,Furniture,Furnishings,Customer_113,3,0.0,761.37,84.82
ORD-2439,2023-12-29,South,Furniture,Bookcases,Customer_51,2,0.1,539.37,13.94
ORD-2440,2023-10-19,Unknown,Furniture,Furnishings,Customer_108,12,0.2,1655.71,242.58
ORD-2441,2023-02-02,West,Technology,Machines,Customer_123,11,0.15,1042.24,-50.71
ORD-2442,2023-05-02,South,Office Supplies,Art,Customer_33,6,0.3,184.0,16.97
ORD-2443,2024-05-28,South,Furniture,Chairs,Customer_28,1,0.0,258.39,44.66
ORD-2444,2023-06-09,North,Technology,Phones,Customer_61,1,0.2,325.86,45.86
ORD-2445,2024-03-15,East,Office Supplies,Art,Customer_75,5,0.4,518.31,-32.09
ORD-2446,2023-03-26,South,Furniture,Tables,Customer_131,3,0.1,1047.2,174.25
ORD-2447,2023-10-15,East,Office Supplies,Paper,Customer_110,4,0.4,202.27,-1.46
ORD-2448,2024-12-24,East,Technology,Machines,Customer_49,10,0.0,2741.6,369.41
ORD-2449,2023-08-23,East,Furniture,Furnishings,Customer_10,5,0.1,982.62,-18.4
ORD-2450,2023-05-30,South,Furniture,Tables,Customer_24,1,0.3,50.86,2.02
ORD-2451,2024-02-22,North,Technology,Machines,Customer_57,6,0.3,42.04,-2.73
ORD-2452,2024-05-05,East,Technology,Copiers,Customer_14,5,0.0,1330.15,88.31
ORD-2453,2023-10-03,North,Office Supplies,Storage,Customer_108,4,0.2,1557.79,-65.68
ORD-2454,2023-02-18,West,Furniture,Chairs,Customer_14,11,0.2,1399.73,-26.34
ORD-2455,2023-08-06,North,Office Supplies,Storage,Customer_26,7,0.0,860.3,43.4
ORD-2456,2023-09-16,South,Office Supplies,Storage,Customer_78,2,0.0,734.76,249.86
ORD-2457,2024-11-16,East,Technology,Machines,Customer_85,6,0.2,575.52,158.19
ORD-2458,2024-08-26,North,Furniture,Bookcases,Customer_54,10,0.3,2614.71,168.72
ORD-2459,2023-03-31,East,Furniture,Chairs,Customer_11,10,0.1,1953.81,118.95
ORD-2460,2023-07-17,South,Furniture,Chairs,Customer_140,10,0.2,1355.12,140.64
ORD-2461,2023-11-05,South,Furniture,Tables,Customer_12,3,0.1,1107.59,27.12
ORD-2462,2024-03-04,North,Technology,Accessories,Customer_94,8,0.0,1534.08,491.8
ORD-2463,2024-03-22,East,Office Supplies,Art,Customer_135,9,0.0,3647.52,1260.06
ORD-2464,2023-06-20,North,Technology,Machines,Customer_75,1,0.0,379.58,63.75
ORD-2465,2024-12-11,West,Technology,Copiers,Customer_127,11,0.0,3293.51,817.79
ORD-2466,2023-06-19,South,Technology,Copiers,Customer_144,7,0.3,237.36,-6.33
ORD-2467,2024-09-13,North,Furniture,Tables,Customer_1,3,0.1,965.44,19.5
ORD-2468,2024-08-29,East,Technology,Copiers,Customer_129,12,0.15,4003.6,420.91
ORD-2469,2023-11-07,West,Office Supplies,Storage,Customer_142,2,0.0,953.18,59.79
ORD-2470,2023-08-18,East,Technology,Machines,Customer_75,1,0.0,140.01,32.27
ORD-2471,2023-10-12,West,Office Supplies,Binders,Customer_64,4,0.0,621.24,164.21
ORD-2472,2023-01-02,North,Technology,Accessories,Customer_84,2,0.15,649.25,-25.48
ORD-2473,2023-05-17,South,Technology,Accessories,Customer_84,1,0.0,261.79,53.06
ORD-2474,2023-12-31,West,Technology,Accessories,Customer_46,5,0.0,954.75,314.95
ORD-2475,2024-07-04,East,Technology,Copiers,Customer_66,11,0.1,4113.25,736.94
ORD-2476,2024-03-28,West,Office Supplies,Storage,Customer_53,10,0.3,2520.14,-129.75
ORD-2477,2023-06-09,South,Furniture,Furnishings,Customer_95,3,0.4,830.32,-51.17
ORD-2478,2023-04-06,South,Furniture,Furnishings,Customer_48,3,0.1,991.44,226.55
ORD-2479,2024-08-06,South,Technology,Machines,Customer_73,1,0.15,122.66,21.11
ORD-2480,2023-06-16,West,Office Supplies,Paper,Customer_18,3,0.0,317.01,48.69
ORD-2481,2024-03-12,West,Office Supplies,Art,Customer_26,12,0.0,2093.4,719.2
ORD-2482,2023-01-13,East,Office Supplies,Art,Customer_6,2,0.0,859.4,223.75
ORD-2483,2024-10-21,East,Furniture,Tables,Customer_22,5,0.0,1831.3,400.36
ORD-2484,2024-10-04,East,Furniture,Chairs,Customer_139,12,0.2,4551.07,176.93
ORD-2485,2024-12-25,East,Furniture,Tables,Customer_123,10,0.4,1178.7,-260.6
ORD-2486,2023-06-17,North,Office Supplies,Art,Customer_40,4,0.0,1580.96,427.39
ORD-2487,2024-07-10,North,Technology,Phones,Customer_6,1,0.0,198.33,11.42
ORD-2488,2024-07-11,North,Furniture,Furnishings,Customer_37,1,0.1,379.0,-10.07
ORD-2489,2023-01-25,West,Office Supplies,Art,Customer_38,6,0.15,1809.53,400.05
ORD-2490,2023-08-20,South,Technology,Phones,Customer_126,3,0.0,673.35,81.13
ORD-2491,2023-08-18,East,Office Supplies,Storage,Customer_20,10,0.2,2843.12,384.21
ORD-2492,2023-05-02,North,Furniture,Chairs,Customer_39,3,0.3,583.27,58.39
ORD-2493,2024-06-27,North,Technology,Machines,Customer_109,3,0.15,90.07,7.34
ORD-2494,2024-10-01,North,Office Supplies,Binders,Customer_70,8,0.2,2317.06,344.76
ORD-2495,2023-09-29,East,Furniture,Tables,Customer_38,6,0.0,587.04,170.24
ORD-2496,2024-02-04,South,Technology,Copiers,Customer_18,2,0.3,393.16,-27.93
ORD-2497,2023-10-13,West,Furniture,Bookcases,Customer_33,3,0.3,156.53,10.89
ORD-2498,2023-12-28,North,Office Supplies,Art,Customer_124,12,0.3,731.3,-70.98
ORD-2499,2024-09-08,North,Furniture,Tables,Customer_99,7,0.4,638.9,-5.48
ORD-2500,2024-07-05,South,Technology,Machines,Customer_99,2,0.3,475.47,23.3
ORD-2501,2024-06-23,West,Technology,Phones,Customer_61,6,0.0,796.38,189.11
ORD-2502,2023-07-28,East,Office Supplies,Art,Customer_35,2,0.0,580.32,174.01
ORD-2503,2023-12-24,North,Furniture,Bookcases,Customer_118,3,0.3,953.36,-177.66
ORD-2504,2023-09-06,West,Furniture,Chairs,Customer_36,2,0.0,680.54,44.61
ORD-2505,2024-01-22,East,Technology,Copiers,Customer_96,1,0.0,278.94,38.02
ORD-2506,2024-11-09,East,Office Supplies,Paper,Customer_8,3,0.2,384.77,-1.58
ORD-2507,2023-05-25,East,Furniture,Chairs,Customer_4,10,0.3,2201.01,-197.62
ORD-2508,2023-06-03,West,Office Supplies,Paper,Customer_136,12,0.15,3764.0,193.31
ORD-2509,2024-04-26,South,Technology,Accessories,Customer_114,11,0.0,478.39,136.4
ORD-2510,2023-10-21,East,Furniture,Chairs,Customer_9,10,0.0,1500.2,269.78
ORD-2511,2024-05-30,West,Furniture,Furnishings,Customer_109,11,0.4,2282.74,-388.67
ORD-2512,2024-07-21,North,Technology,Accessories,Customer_59,7,0.0,264.11,42.83
ORD-2513,2023-10-06,East,Technology,Copiers,Customer_33,12,0.1,5106.02,829.83
ORD-2514,2024-02-15,East,Furniture,Furnishings,Customer_48,12,0.0,4068.24,975.09
ORD-2515,2024-12-10,South,Office Supplies,Storage,Customer_104,7,0.0,752.57,132.08
ORD-2516,2023-02-25,North,Technology,Copiers,Customer_50,5,0.0,1889.8,151.96
ORD-2517,2023-04-17,East,Office Supplies,Storage,Customer_8,4,0.15,496.91,6.41
ORD-2518,2023-06-16,East,Furniture,Tables,Customer_3,5,0.1,997.61,263.48
ORD-2519,2024-07-18,West,Technology,Phones,Customer_62,5,0.0,215.4,44.29
ORD-2520,2024-08-06,East,Technology,Copiers,Customer_12,1,0.2,78.31,14.19
ORD-2521,2023-04-06,North,Furniture,Bookcases,Customer_73,7,0.1,412.78,37.6
ORD-2522,2023-11-19,South,Technology,Accessories,Customer_34,12,0.0,4458.72,1165.36
ORD-2523,2023-12-06,South,Technology,Phones,Customer_129,3,0.0,651.42,100.29
ORD-2524,2024-08-24,South,Office Supplies,Binders,Customer_75,3,0.0,614.49,79.44
ORD-2525,2024-11-29,South,Furniture,Chairs,Customer_60,4,0.0,442.44,86.24
ORD-2526,2023-06-14,North,Office Supplies,Paper,Customer_87,5,0.2,566.32,-13.46
ORD-2527,2024-09-30,South,Furniture,Furnishings,Customer_62,4,0.0,1327.24,452.01
ORD-2528,2023-06-06,South,Furniture,Chairs,Customer_37,5,0.0,1528.9,111.75
ORD-2529,2024-05-25,East,Office Supplies,Storage,Customer_44,5,0.0,235.2,78.89
ORD-2530,2023-03-11,North,Technology,Accessories,Customer_91,2,0.0,311.34,24.17
ORD-2531,2023-07-03,South,Office Supplies,Art,Customer_66,8,0.0,2428.24,575.72
ORD-2532,2023-05-07,South,Furniture,Bookcases,Customer_74,7,0.3,1606.07,-176.31
ORD-2533,2024-09-26,West,Office Supplies,Storage,Customer_132,10,0.2,139.2,24.99
ORD-2534,2024-01-18,East,Technology,Copiers,Customer_130,8,0.15,903.99,120.06
ORD-2535,2024-11-29,East,Technology,Phones,Customer_63,12,0.0,4275.0,996.08
ORD-2536,2023-06-08,East,Office Supplies,Art,Customer_41,10,0.3,1143.24,-124.24
ORD-2537,2023-03-16,West,Office Supplies,Art,Customer_24,6,0.4,1090.3,-11.09
ORD-2538,2024-04-24,Unknown,Furniture,Chairs,Customer_47,12,0.0,5686.8,465.02
ORD-2539,2024-02-11,South,Furniture,Furnishings,Customer_85,2,0.2,137.39,23.83
ORD-2540,2023-12-17,South,Furniture,Furnishings,Customer_30,5,0.4,1112.7,-5.68
ORD-2541,2023-02-09,West,Office Supplies,Paper,Customer_55,6,0.0,655.74,148.38
ORD-2542,2024-09-07,South,Furniture,Bookcases,Customer_111,8,0.1,2545.63,443.03
ORD-2543,2023-02-25,West,Furniture,Furnishings,Customer_70,5,0.0,1049.95,57.35
ORD-2544,2023-03-27,West,Furniture,Bookcases,Customer_104,2,0.15,502.57,2.98
ORD-2545,2024-12-30,South,Office Supplies,Paper,Customer_67,3,0.0,691.86,233.35
ORD-2546,2023-04-05,South,Office Supplies,Storage,Customer_43,4,0.2,657.7,93.35
ORD-2547,2024-03-05,Unknown,Office Supplies,Paper,Customer_112,6,0.3,430.0,5.05
ORD-2548,2023-01-11,West,Furniture,Tables,Customer_83,11,0.2,4300.82,-341.62
ORD-2549,2023-01-15,West,Office Supplies,Paper,Customer_128,6,0.0,84.48,15.21
ORD-2550,2024-11-21,South,Office Supplies,Binders,Customer_116,3,0.4,99.7,-4.53
ORD-2551,2024-10-16,East,Furniture,Tables,Customer_49,7,0.0,3206.91,577.91
ORD-2552,2024-09-07,South,Furniture,Bookcases,Customer_54,4,0.0,547.08,98.65
ORD-2553,2024-01-15,North,Furniture,Bookcases,Customer_79,9,0.0,3280.41,172.93
ORD-2554,2024-12-17,South,Technology,Copiers,Customer_106,7,0.2,1673.45,123.81
ORD-2555,2023-12-27,South,Technology,Accessories,Customer_30,3,0.4,580.45,-114.58
ORD-2556,2024-03-14,North,Furniture,Tables,Customer_139,7,0.3,1763.46,-286.71
ORD-2557,2023-10-19,South,Technology,Accessories,Customer_26,2,0.0,215.28,67.43
ORD-2558,2023-04-02,East,Technology,Copiers,Customer_27,8,0.0,2975.76,161.06
ORD-2559,2024-10-10,South,Technology,Phones,Customer_75,7,0.1,829.71,28.48
ORD-2560,2023-08-17,South,Technology,Copiers,Customer_30,4,0.4,342.48,-67.03
ORD-2561,2023-05-08,North,Office Supplies,Art,Customer_102,1,0.2,32.51,0.9
ORD-2562,2023-08-18,North,Office Supplies,Storage,Customer_79,7,0.1,2324.95,353.44
ORD-2563,2023-01-05,South,Furniture,Chairs,Customer_7,3,0.2,815.3,-69.83
ORD-2564,2024-06-15,North,Office Supplies,Paper,Customer_147,7,0.1,3000.25,664.7
ORD-2565,2024-07-23,South,Furniture,Furnishings,Customer_14,10,0.3,2831.43,161.09
ORD-2566,2023-05-12,South,Technology,Machines,Customer_104,6,0.0,2802.18,597.64
ORD-2567,2024-03-23,West,Furniture,Tables,Customer_130,2,0.3,151.4,-0.75
ORD-2568,2024-10-04,North,Technology,Machines,Customer_83,4,0.0,1496.04,405.99
ORD-2569,2023-04-06,East,Office Supplies,Binders,Customer_40,1,0.0,265.51,18.73
ORD-2570,2024-08-08,South,Furniture,Tables,Customer_117,11,0.2,1688.28,280.64
ORD-2571,2023-07-11,West,Technology,Machines,Customer_77,4,0.1,1066.97,140.31
ORD-2572,2024-01-23,North,Technology,Phones,Customer_71,2,0.0,283.48,45.51
ORD-2573,2024-10-04,East,Technology,Phones,Customer_29,8,0.0,3589.76,897.22
ORD-2574,2023-04-20,West,Office Supplies,Storage,Customer_47,2,0.0,791.64,147.49
ORD-2575,2024-05-21,North,Furniture,Furnishings,Customer_26,8,0.0,2550.56,317.58
ORD-2576,2024-02-28,East,Office Supplies,Binders,Customer_54,11,0.3,2738.74,-169.03
ORD-2577,2024-01-20,North,Technology,Copiers,Customer_42,3,0.15,578.47,72.19
ORD-2578,2023-01-11,West,Technology,Phones,Customer_31,6,0.2,2250.14,-204.31
ORD-2579,2024-05-10,East,Furniture,Bookcases,Customer_32,4,0.0,1656.48,228.12
ORD-2580,2024-07-02,East,Technology,Machines,Customer_56,6,0.0,1365.12,77.23
ORD-2581,2023-08-11,East,Office Supplies,Paper,Customer_57,2,0.0,315.02,63.25
ORD-2582,2023-10-02,North,Office Supplies,Paper,Customer_24,6,0.15,191.4,14.8
ORD-2583,2024-04-23,South,Office Supplies,Art,Customer_50,5,0.0,2321.4,189.47
ORD-2584,2023-07-22,North,Office Supplies,Binders,Customer_150,10,0.15,3268.93,172.93
ORD-2585,2023-06-19,West,Technology,Copiers,Customer_111,8,0.3,1853.82,-207.5
ORD-2586,2024-09-02,North,Office Supplies,Binders,Customer_99,7,0.1,555.35,10.07
ORD-2587,2024-08-03,Unknown,Office Supplies,Binders,Customer_116,3,0.0,133.62,14.12
ORD-2588,2024-06-07,North,Technology,Copiers,Customer_76,10,0.2,2683.76,414.66
ORD-2589,2024-02-12,East,Furniture,Tables,Customer_83,7,0.0,2862.44,731.47
ORD-2590,2024-01-02,West,Furniture,Tables,Customer_96,6,0.0,384.66,52.6
ORD-2591,2023-11-18,East,Furniture,Bookcases,Customer_3,12,0.2,1553.38,-54.39
ORD-2592,2023-08-07,South,Technology,Accessories,Customer_60,9,0.0,2361.15,497.41
ORD-2593,2024-01-30,North,Technology,Machines,Customer_135,4,0.0,739.48,115.46
ORD-2594,2024-07-28,North,Technology,Phones,Customer_147,11,0.3,3203.12,149.87
ORD-2595,2024-11-29,South,Office Supplies,Storage,Customer_51,4,0.0,643.28,208.51
ORD-2596,2024-05-20,South,Furniture,Bookcases,Customer_108,2,0.0,953.76,141.18
ORD-2597,2024-04-08,West,Technology,Accessories,Customer_99,4,0.0,734.68,148.18
ORD-2598,2023-10-19,East,Technology,Phones,Customer_119,5,0.0,2355.75,158.19
ORD-2599,2024-02-17,East,Technology,Phones,Customer_87,11,0.0,662.86,111.24
ORD-2600,2023-03-13,South,Furniture,Furnishings,Customer_78,5,0.2,1124.6,46.04
ORD-2601,2023-12-21,South,Furniture,Bookcases,Customer_127,10,0.0,1049.9,323.0
ORD-2602,2024-02-07,North,Technology,Copiers,Customer_127,11,0.0,3758.7,1132.77
ORD-2603,2024-01-18,East,Furniture,Tables,Customer_13,1,0.0,430.79,118.25
ORD-2604,2023-04-18,North,Technology,Copiers,Customer_58,3,0.0,675.63,157.53
ORD-2605,2023-07-15,North,Technology,Phones,Customer_14,5,0.0,442.9,111.65
ORD-2606,2023-04-24,East,Office Supplies,Binders,Customer_68,6,0.3,410.89,7.47
ORD-2607,2023-10-04,West,Furniture,Furnishings,Customer_31,3,0.2,294.0,-21.97
ORD-2608,2023-06-01,South,Technology,Copiers,Customer_32,9,0.1,737.02,-21.67
ORD-2609,2024-08-14,South,Technology,Copiers,Customer_72,6,0.4,1303.85,-65.56
ORD-2610,2023-08-20,East,Office Supplies,Storage,Customer_22,6,0.1,1416.53,26.08
ORD-2611,2024-11-06,West,Technology,Phones,Customer_20,8,0.0,407.52,22.71
ORD-2612,2023-08-06,East,Technology,Machines,Customer_120,7,0.1,574.69,136.35
ORD-2613,2024-05-14,East,Office Supplies,Paper,Customer_136,9,0.2,924.12,-3.44
ORD-2614,2023-11-16,South,Technology,Machines,Customer_130,2,0.0,123.24,14.38
ORD-2615,2023-08-13,North,Office Supplies,Art,Customer_132,4,0.3,740.38,-5.68
ORD-2616,2023-07-12,East,Office Supplies,Art,Customer_43,11,0.15,1217.56,-64.14
ORD-2617,2024-08-14,East,Furniture,Furnishings,Customer_28,12,0.0,2419.32,290.95
ORD-2618,2023-09-04,East,Office Supplies,Paper,Customer_69,1,0.4,70.55,1.27
ORD-2619,2024-11-08,South,Office Supplies,Storage,Customer_31,9,0.0,2807.91,609.49
ORD-2620,2023-12-29,South,Furniture,Tables,Customer_102,9,0.3,1346.5,-82.56
ORD-2621,2024-06-04,North,Furniture,Furnishings,Customer_70,6,0.0,1650.24,427.29
ORD-2622,2023-02-20,South,Technology,Copiers,Customer_50,5,0.1,1593.23,34.27
ORD-2623,2024-02-17,West,Technology,Accessories,Customer_136,10,0.4,1530.36,-224.06
ORD-2624,2024-06-15,South,Furniture,Chairs,Customer_64,2,0.1,785.81,125.28
ORD-2625,2023-04-28,East,Furniture,Bookcases,Customer_62,2,0.0,541.86,45.85
ORD-2626,2023-10-10,West,Technology,Copiers,Customer_101,7,0.0,2147.32,182.87
ORD-2627,2023-08-14,North,Office Supplies,Paper,Customer_44,4,0.2,560.74,-37.65
ORD-2628,2024-10-14,North,Technology,Accessories,Customer_1,2,0.0,698.24,78.12
ORD-2629,2024-05-30,South,Technology,Accessories,Customer_62,3,0.2,484.82,76.94
ORD-2630,2024-11-28,East,Furniture,Tables,Customer_86,8,0.0,880.96,178.25
ORD-2631,2023-01-14,South,Office Supplies,Storage,Customer_6,3,0.15,549.37,-35.47
ORD-2632,2023-03-20,West,Technology,Phones,Customer_91,8,0.0,3187.6,225.41
ORD-2633,2024-05-15,West,Office Supplies,Binders,Customer_12,1,0.15,206.02,20.23
ORD-2634,2023-08-22,West,Furniture,Chairs,Customer_26,5,0.2,1271.72,122.83
ORD-2635,2024-04-08,South,Technology,Accessories,Customer_140,5,0.4,402.3,-107.42
ORD-2636,2023-09-17,North,Office Supplies,Binders,Customer_91,5,0.2,1457.96,73.91
ORD-2637,2024-06-14,South,Furniture,Bookcases,Customer_133,12,0.0,5036.4,1492.87
ORD-2638,2023-06-01,Unknown,Furniture,Tables,Customer_92,8,0.0,3385.84,662.03
ORD-2639,2023-09-08,South,Office Supplies,Paper,Customer_23,4,0.3,485.74,23.06
ORD-2640,2024-10-16,East,Office Supplies,Art,Customer_135,3,0.15,589.38,-8.82
ORD-2641,2024-11-26,North,Office Supplies,Art,Customer_107,5,0.15,1822.99,151.33
ORD-2642,2023-07-15,East,Technology,Accessories,Customer_32,7,0.4,1001.66,-247.7
ORD-2643,2024-08-03,North,Office Supplies,Binders,Customer_3,8,0.0,1600.24,465.77
ORD-2644,2024-04-22,West,Technology,Accessories,Customer_143,11,0.0,4970.57,551.94
ORD-2645,2023-11-07,South,Office Supplies,Binders,Customer_76,1,0.4,25.69,-0.17
ORD-2646,2023-02-11,West,Office Supplies,Binders,Customer_14,8,0.15,1365.51,126.35
ORD-2647,2023-01-06,South,Office Supplies,Binders,Customer_13,5,0.0,2421.75,169.45
ORD-2648,2023-12-25,North,Technology,Machines,Customer_23,12,0.15,3342.34,-159.66
ORD-2649,2023-05-27,West,Office Supplies,Binders,Customer_75,4,0.0,775.92,225.9
ORD-2650,2024-04-29,North,Furniture,Furnishings,Customer_109,7,0.0,1556.8,543.56
ORD-2651,2023-09-25,North,Technology,Accessories,Customer_45,10,0.3,1987.58,-186.14
ORD-2652,2024-11-26,North,Technology,Machines,Customer_52,5,0.0,589.25,91.43
ORD-2653,2024-03-02,West,Office Supplies,Storage,Customer_22,5,0.4,577.62,-144.05
ORD-2654,2024-07-12,West,Office Supplies,Art,Customer_25,3,0.4,343.96,-44.97
ORD-2655,2024-12-11,North,Technology,Accessories,Customer_120,6,0.3,1529.39,10.73
ORD-2656,2024-04-22,South,Office Supplies,Art,Customer_8,9,0.0,3215.7,168.85
ORD-2657,2024-03-07,East,Furniture,Bookcases,Customer_63,10,0.2,933.28,82.6
ORD-2658,2023-05-11,North,Furniture,Furnishings,Customer_33,7,0.0,1730.05,89.26
ORD-2659,2024-04-18,South,Furniture,Chairs,Customer_15,5,0.0,2021.0,569.6
ORD-2660,2023-12-08,East,Office Supplies,Art,Customer_85,1,0.0,278.73,19.49
ORD-2661,2024-08-21,East,Technology,Machines,Customer_133,3,0.4,694.06,-65.86
ORD-2662,2023-05-20,West,Technology,Machines,Customer_78,11,0.15,3676.05,571.71
ORD-2663,2023-01-07,South,Technology,Machines,Customer_30,2,0.0,806.94,165.75
ORD-2664,2023-06-06,East,Technology,Phones,Customer_64,4,0.0,315.04,79.18
ORD-2665,2024-04-30,East,Technology,Copiers,Customer_101,1,0.0,314.03,85.63
ORD-2666,2023-11-04,South,Office Supplies,Paper,Customer_61,9,0.15,713.29,151.33
ORD-2667,2024-09-19,South,Technology,Phones,Customer_111,3,0.0,1338.9,368.19
ORD-2668,2023-07-09,West,Technology,Machines,Customer_44,9,0.1,3685.74,728.36
ORD-2669,2024-05-02,South,Office Supplies,Storage,Customer_26,10,0.4,1815.66,-133.92
ORD-2670,2024-01-12,Unknown,Office Supplies,Art,Customer_28,8,0.3,2495.75,-40.83
ORD-2671,2024-03-11,West,Furniture,Bookcases,Customer_118,2,0.3,447.82,-64.06
ORD-2672,2023-01-12,North,Furniture,Furnishings,Customer_11,6,0.0,1453.32,385.01
ORD-2673,2024-04-24,South,Office Supplies,Binders,Customer_41,6,0.1,770.9,23.65
ORD-2674,2023-12-24,South,Technology,Phones,Customer_45,11,0.0,1801.58,220.6
ORD-2675,2023-12-27,North,Office Supplies,Paper,Customer_72,11,0.15,1078.15,61.95
ORD-2676,2024-02-08,East,Technology,Copiers,Customer_97,8,0.0,3638.72,735.45
ORD-2677,2024-08-12,North,Furniture,Bookcases,Customer_149,6,0.3,428.74,-71.56
ORD-2678,2023-03-11,East,Furniture,Tables,Customer_60,2,0.0,702.24,115.76
ORD-2679,2024-05-26,South,Office Supplies,Paper,Customer_61,2,0.0,825.4,204.58
ORD-2680,2024-01-29,South,Furniture,Chairs,Customer_65,2,0.0,800.32,105.31
ORD-2681,2023-03-16,South,Office Supplies,Binders,Customer_45,6,0.0,2095.56,270.79
ORD-2682,2024-12-16,South,Office Supplies,Paper,Customer_147,9,0.1,3808.13,612.77
ORD-2683,2023-07-20,North,Office Supplies,Art,Customer_74,4,0.1,608.44,30.94
ORD-2684,2023-06-15,South,Technology,Machines,Customer_23,10,0.0,1035.5,267.57
ORD-2685,2024-10-06,East,Furniture,Chairs,Customer_36,1,0.2,93.74,6.43
ORD-2686,2024-02-22,East,Office Supplies,Paper,Customer_136,8,0.1,1005.62,169.54
ORD-2687,2023-08-01,South,Technology,Accessories,Customer_92,10,0.0,4093.2,1160.04
ORD-2688,2023-03-10,South,Office Supplies,Art,Customer_19,10,0.0,3828.2,407.0
ORD-2689,2023-05-11,North,Furniture,Chairs,Customer_128,4,0.0,213.24,55.38
ORD-2690,2024-09-07,North,Furniture,Tables,Customer_75,5,0.3,666.72,-40.2
ORD-2691,2024-12-21,North,Furniture,Tables,Customer_74,2,0.1,45.47,2.18
ORD-2692,2024-06-14,North,Office Supplies,Binders,Customer_140,12,0.0,318.0,99.77
ORD-2693,2024-08-19,South,Office Supplies,Binders,Customer_9,6,0.3,542.89,-12.38
ORD-2694,2023-09-25,West,Office Supplies,Binders,Customer_36,4,0.2,93.12,151.33
ORD-2695,2024-11-10,East,Furniture,Furnishings,Customer_19,10,0.0,1682.8,537.45
ORD-2696,2023-12-21,East,Office Supplies,Binders,Customer_142,8,0.0,3561.44,525.62
ORD-2697,2023-10-05,East,Furniture,Chairs,Customer_128,9,0.1,3656.91,983.15
ORD-2698,2024-10-27,North,Office Supplies,Art,Customer_78,4,0.0,1657.8,503.08
ORD-2699,2023-02-26,East,Furniture,Furnishings,Customer_5,9,0.4,712.85,-69.14
ORD-2700,2023-02-23,South,Office Supplies,Paper,Customer_111,12,0.3,360.86,-58.29
ORD-2701,2024-07-16,West,Furniture,Furnishings,Customer_31,10,0.2,3995.68,-47.98
ORD-2702,2023-12-27,West,Office Supplies,Art,Customer_15,4,0.1,1355.8,287.43
ORD-2703,2023-04-05,East,Furniture,Furnishings,Customer_138,10,0.0,4304.3,1503.44
ORD-2704,2023-01-16,West,Furniture,Chairs,Customer_15,3,0.4,230.99,-59.57
ORD-2705,2023-07-04,North,Furniture,Bookcases,Customer_90,10,0.1,1903.32,17.18
ORD-2706,2023-10-27,West,Technology,Copiers,Customer_123,11,0.0,230.89,36.51
ORD-2707,2024-11-03,East,Furniture,Bookcases,Customer_140,4,0.4,945.67,-94.7
ORD-2708,2024-12-23,North,Furniture,Furnishings,Customer_78,6,0.15,832.63,105.16
ORD-2709,2024-10-31,West,Technology,Accessories,Customer_82,12,0.0,1484.28,80.62
ORD-2710,2023-02-25,North,Office Supplies,Art,Customer_72,2,0.1,692.15,108.75
ORD-2711,2023-05-21,West,Office Supplies,Paper,Customer_32,6,0.0,2301.18,141.94
ORD-2712,2023-02-06,West,Technology,Copiers,Customer_117,2,0.0,840.38,198.21
ORD-2713,2024-05-25,East,Office Supplies,Storage,Customer_99,5,0.0,1430.3,339.53
ORD-2714,2023-03-03,North,Technology,Copiers,Customer_127,1,0.3,303.5,-4.22
ORD-2715,2024-01-29,South,Furniture,Tables,Customer_53,7,0.0,2062.69,716.17
ORD-2716,2024-11-06,South,Technology,Phones,Customer_79,1,0.2,304.64,6.91
ORD-2717,2023-01-27,North,Office Supplies,Paper,Customer_8,6,0.3,1497.8,-109.69
ORD-2718,2024-03-13,East,Furniture,Furnishings,Customer_74,9,0.4,659.61,-59.99
ORD-2719,2024-03-10,North,Furniture,Furnishings,Customer_120,12,0.1,5019.95,1248.67
ORD-2720,2023-05-16,East,Office Supplies,Storage,Customer_22,4,0.15,603.6,53.3
ORD-2721,2023-12-12,South,Furniture,Bookcases,Customer_93,5,0.15,483.22,110.51
ORD-2722,2024-10-30,East,Furniture,Bookcases,Customer_146,11,0.2,4318.6,366.44
ORD-2723,2023-09-28,West,Office Supplies,Art,Customer_5,8,0.0,3233.28,855.3
ORD-2724,2024-04-22,East,Office Supplies,Art,Customer_143,4,0.3,841.82,-146.47
ORD-2725,2023-03-01,East,Office Supplies,Storage,Customer_17,8,0.0,1862.64,470.2
ORD-2726,2023-09-22,North,Office Supplies,Art,Customer_33,4,0.0,1367.96,221.52
ORD-2727,2023-05-31,East,Furniture,Chairs,Customer_10,3,0.4,848.57,-186.51
ORD-2728,2024-08-16,North,Furniture,Tables,Customer_16,12,0.15,2602.84,357.28
ORD-2729,2023-09-21,East,Technology,Accessories,Customer_139,12,0.0,4219.2,1031.98
ORD-2730,2024-09-06,West,Office Supplies,Binders,Customer_20,9,0.4,782.41,-174.59
ORD-2731,2023-04-26,East,Furniture,Tables,Customer_84,10,0.2,2572.88,179.56
ORD-2732,2024-11-28,South,Furniture,Furnishings,Customer_73,3,0.0,293.64,76.8
ORD-2733,2023-12-01,North,Office Supplies,Art,Customer_96,8,0.15,1584.6,206.52
ORD-2734,2024-09-28,East,Furniture,Bookcases,Customer_12,5,0.0,2101.55,212.09
ORD-2735,2024-08-28,East,Furniture,Tables,Customer_81,9,0.2,139.54,17.27
ORD-2736,2023-08-09,South,Technology,Phones,Customer_39,7,0.0,2161.25,561.69
ORD-2737,2023-03-21,West,Technology,Copiers,Customer_138,12,0.0,5048.4,1468.29
ORD-2738,2024-06-24,East,Technology,Copiers,Customer_135,9,0.4,2596.59,-283.6
ORD-2739,2023-11-21,North,Furniture,Bookcases,Customer_63,6,0.1,1346.54,121.95
ORD-2740,2024-01-06,West,Office Supplies,Storage,Customer_30,12,0.1,921.35,130.63
ORD-2741,2024-03-31,South,Office Supplies,Binders,Customer_91,9,0.0,1311.66,428.12
ORD-2742,2024-01-06,South,Technology,Machines,Customer_115,7,0.1,1863.29,275.49
ORD-2743,2024-08-06,West,Technology,Machines,Customer_105,11,0.0,2023.01,132.7
ORD-2744,2024-09-12,North,Office Supplies,Storage,Customer_81,2,0.0,51.1,9.04
ORD-2745,2024-02-23,South,Technology,Machines,Customer_148,8,0.1,370.37,56.32
ORD-2746,2023-07-04,South,Furniture,Tables,Customer_31,7,0.15,2628.0,512.13
ORD-2747,2024-07-21,South,Technology,Phones,Customer_33,1,0.3,233.05,-29.51
ORD-2748,2023-01-25,West,Furniture,Tables,Customer_132,9,0.3,2727.08,206.79
ORD-2749,2024-03-08,North,Furniture,Furnishings,Customer_143,4,0.15,361.62,54.69
ORD-2750,2023-05-02,North,Office Supplies,Binders,Customer_12,2,0.2,240.62,31.47
ORD-2751,2024-04-04,South,Technology,Copiers,Customer_112,5,0.4,1495.95,-390.43
ORD-2752,2024-12-17,West,Technology,Machines,Customer_131,2,0.0,899.42,212.97
ORD-2753,2023-01-08,North,Technology,Copiers,Customer_98,6,0.4,1753.06,-228.77
ORD-2754,2023-06-30,North,Furniture,Tables,Customer_77,8,0.2,2721.41,-248.42
ORD-2755,2023-02-19,South,Office Supplies,Storage,Customer_99,6,0.0,1045.74,73.31
ORD-2756,2023-05-27,East,Technology,Machines,Customer_111,9,0.15,3732.59,653.55
ORD-2757,2024-08-11,North,Furniture,Bookcases,Customer_73,3,0.0,1283.25,425.26
ORD-2758,2023-10-22,North,Office Supplies,Art,Customer_58,3,0.15,131.84,6.02
ORD-2759,2023-09-23,East,Furniture,Bookcases,Customer_37,2,0.1,80.66,2.68
ORD-2760,2024-07-19,West,Furniture,Chairs,Customer_139,9,0.1,991.36,109.78
ORD-2761,2023-01-07,South,Furniture,Bookcases,Customer_53,5,0.3,495.6,-79.15
ORD-2762,2024-03-31,West,Office Supplies,Storage,Customer_29,12,0.0,1104.84,104.06
ORD-2763,2024-03-31,South,Office Supplies,Storage,Customer_23,3,0.15,1241.37,195.87
ORD-2764,2024-11-15,East,Office Supplies,Binders,Customer_57,12,0.0,5810.4,1057.04
ORD-2765,2023-12-01,West,Technology,Accessories,Customer_71,8,0.0,1171.2,339.05
ORD-2766,2024-12-24,North,Furniture,Furnishings,Customer_26,12,0.2,1630.66,-32.91
ORD-2767,2023-07-14,East,Technology,Phones,Customer_63,3,0.3,260.25,-39.32
ORD-2768,2023-08-14,West,Office Supplies,Art,Customer_39,8,0.0,1085.36,169.96
ORD-2769,2024-05-23,North,Furniture,Tables,Customer_23,9,0.1,2756.11,-30.95
ORD-2770,2023-01-04,South,Furniture,Furnishings,Customer_143,10,0.1,1018.35,216.61
ORD-2771,2024-12-28,West,Furniture,Furnishings,Customer_68,10,0.3,573.93,-50.05
ORD-2772,2024-10-08,West,Technology,Accessories,Customer_124,9,0.0,3903.12,376.56
ORD-2773,2023-11-04,West,Office Supplies,Art,Customer_126,11,0.3,389.16,-17.37
ORD-2774,2024-09-04,North,Technology,Copiers,Customer_76,2,0.1,284.74,39.59
ORD-2775,2023-04-26,North,Office Supplies,Art,Customer_84,4,0.3,1130.81,-168.33
ORD-2776,2023-04-29,West,Office Supplies,Storage,Customer_30,6,0.3,1237.07,-47.44
ORD-2777,2024-12-22,West,Office Supplies,Art,Customer_106,11,0.1,797.94,125.44
ORD-2778,2023-01-30,North,Office Supplies,Paper,Customer_105,1,0.2,115.26,4.19
ORD-2779,2023-09-25,North,Office Supplies,Art,Customer_114,7,0.3,246.52,-12.85
ORD-2780,2023-09-24,East,Office Supplies,Art,Customer_57,6,0.0,961.02,285.15
ORD-2781,2023-11-12,South,Office Supplies,Paper,Customer_147,3,0.1,102.38,9.79
ORD-2782,2024-10-02,East,Technology,Accessories,Customer_34,10,0.0,2346.3,627.64
ORD-2783,2023-01-22,South,Furniture,Bookcases,Customer_91,9,0.0,2622.6,656.08
ORD-2784,2024-11-01,East,Technology,Machines,Customer_93,9,0.1,3165.08,723.73
ORD-2785,2023-06-10,South,Technology,Machines,Customer_75,3,0.2,393.12,20.21
ORD-2786,2023-12-06,South,Furniture,Tables,Customer_4,1,0.0,421.65,146.24
ORD-2787,2024-06-23,East,Technology,Copiers,Customer_125,1,0.0,445.86,71.98
ORD-2788,2023-10-17,North,Furniture,Tables,Customer_64,1,0.15,89.79,6.9
ORD-2789,2023-05-07,South,Technology,Copiers,Customer_34,12,0.15,3808.68,296.2
ORD-2790,2023-03-28,East,Furniture,Furnishings,Customer_6,1,0.0,246.76,74.39
ORD-2791,2023-04-08,South,Furniture,Bookcases,Customer_83,7,0.0,1309.63,403.29
ORD-2792,2023-11-06,North,Office Supplies,Paper,Customer_26,5,0.4,627.99,-107.72
ORD-2793,2024-01-21,North,Office Supplies,Binders,Customer_57,7,0.15,1383.14,219.55
ORD-2794,2024-05-09,North,Technology,Machines,Customer_98,1,0.4,43.04,-9.08
ORD-2795,2024-02-08,North,Technology,Phones,Customer_116,4,0.0,1904.84,195.53
ORD-2796,2024-02-11,West,Office Supplies,Storage,Customer_123,10,0.0,2881.9,644.95
ORD-2797,2024-10-20,North,Office Supplies,Paper,Customer_22,2,0.0,499.84,121.67
ORD-2798,2023-08-01,South,Technology,Machines,Customer_22,3,0.3,257.5,-6.23
ORD-2799,2024-09-23,South,Technology,Machines,Customer_16,8,0.15,1308.05,168.08
ORD-2800,2024-02-26,Unknown,Technology,Accessories,Customer_39,1,0.2,63.36,3.88
ORD-2801,2024-12-06,South,Furniture,Bookcases,Customer_54,9,0.4,544.21,-101.44
ORD-2802,2024-07-12,South,Office Supplies,Paper,Customer_83,8,0.4,562.42,-121.0
ORD-2803,2024-06-10,East,Furniture,Furnishings,Customer_20,7,0.0,2902.2,393.86
ORD-2804,2023-01-14,West,Technology,Phones,Customer_43,4,0.4,1114.3,23.38
ORD-2805,2023-04-27,East,Office Supplies,Art,Customer_44,11,0.4,1913.47,-434.55
ORD-2806,2023-05-24,South,Office Supplies,Binders,Customer_76,2,0.3,270.94,13.36
ORD-2807,2023-10-29,North,Technology,Accessories,Customer_96,10,0.0,1900.2,144.62
ORD-2808,2023-05-25,North,Technology,Machines,Customer_96,9,0.15,2163.57,397.09
ORD-2809,2024-04-28,South,Furniture,Bookcases,Customer_35,3,0.4,720.0,-156.57
ORD-2810,2023-01-11,North,Office Supplies,Paper,Customer_39,8,0.0,2717.2,315.61
ORD-2811,2023-01-06,North,Technology,Machines,Customer_52,12,0.0,1403.04,438.06
ORD-2812,2024-07-04,South,Office Supplies,Binders,Customer_16,10,0.4,794.04,-151.68
ORD-2813,2024-08-31,West,Furniture,Bookcases,Customer_144,4,0.2,33.02,4.99
ORD-2814,2024-10-05,East,Furniture,Bookcases,Customer_73,7,0.15,2370.3,280.17
ORD-2815,2024-01-12,South,Office Supplies,Paper,Customer_20,10,0.0,3776.3,361.07
ORD-2816,2023-04-16,West,Office Supplies,Paper,Customer_68,10,0.0,2345.8,364.46
ORD-2817,2023-05-10,South,Office Supplies,Storage,Customer_122,4,0.0,223.8,43.83
ORD-2818,2023-01-03,West,Furniture,Chairs,Customer_38,3,0.0,1383.48,85.8
ORD-2819,2024-05-01,East,Office Supplies,Binders,Customer_14,3,0.4,275.08,-57.14
ORD-2820,2024-03-11,South,Office Supplies,Storage,Customer_129,2,0.1,228.04,55.31
ORD-2821,2024-07-27,South,Office Supplies,Art,Customer_122,6,0.15,1220.68,85.31
ORD-2822,2024-06-18,North,Technology,Phones,Customer_55,3,0.15,975.83,-23.08
ORD-2823,2024-12-29,West,Office Supplies,Art,Customer_126,12,0.15,2537.35,149.69
ORD-2824,2024-12-02,East,Technology,Copiers,Customer_90,3,0.0,907.47,317.49
ORD-2825,2024-01-10,South,Technology,Accessories,Customer_109,4,0.1,1393.31,124.51
ORD-2826,2024-01-27,North,Furniture,Chairs,Customer_51,8,0.2,2659.2,-156.33
ORD-2827,2024-06-22,West,Furniture,Bookcases,Customer_85,2,0.2,39.89,-1.94
ORD-2828,2023-09-17,East,Technology,Accessories,Customer_9,11,0.15,1653.08,137.49
ORD-2829,2024-10-19,South,Office Supplies,Binders,Customer_65,5,0.0,1557.05,503.21
ORD-2830,2024-08-08,East,Technology,Copiers,Customer_117,8,0.0,2078.64,416.52
ORD-2831,2024-04-29,East,Furniture,Bookcases,Customer_8,10,0.0,346.2,20.94
ORD-2832,2024-12-23,West,Furniture,Chairs,Customer_108,2,0.0,560.14,101.64
ORD-2833,2024-03-30,East,Office Supplies,Binders,Customer_140,5,0.1,1895.4,34.5
ORD-2834,2024-11-01,East,Office Supplies,Storage,Customer_44,10,0.2,177.92,4.4
ORD-2835,2024-06-12,East,Technology,Copiers,Customer_107,11,0.0,1389.96,90.19
ORD-2836,2023-03-08,West,Technology,Machines,Customer_69,2,0.0,730.1,60.95
ORD-2837,2024-03-30,East,Office Supplies,Paper,Customer_130,7,0.0,2156.56,289.66
ORD-2838,2024-10-12,East,Office Supplies,Storage,Customer_144,6,0.0,570.06,93.45
ORD-2839,2023-12-16,South,Technology,Phones,Customer_145,8,0.0,3221.68,540.04
ORD-2840,2023-04-30,East,Furniture,Chairs,Customer_48,6,0.0,2267.28,198.72
ORD-2841,2023-06-23,East,Furniture,Bookcases,Customer_118,2,0.1,699.59,28.74
ORD-2842,2023-11-12,West,Technology,Machines,Customer_80,1,0.3,239.34,-4.85
ORD-2843,2024-12-23,North,Furniture,Bookcases,Customer_36,10,0.2,3722.24,23.07
ORD-2844,2024-02-28,West,Furniture,Bookcases,Customer_52,3,0.15,108.17,-6.95
ORD-2845,2023-09-23,South,Office Supplies,Binders,Customer_126,6,0.2,1992.77,94.5
ORD-2846,2023-12-24,South,Technology,Machines,Customer_10,10,0.3,2729.09,-326.6
ORD-2847,2023-06-09,West,Technology,Copiers,Customer_89,11,0.15,1674.49,-102.09
ORD-2848,2023-08-01,North,Technology,Accessories,Customer_24,9,0.1,3897.15,663.92
ORD-2849,2023-09-22,West,Office Supplies,Storage,Customer_9,2,0.0,934.54,121.16
ORD-2850,2024-05-01,West,Office Supplies,Storage,Customer_96,10,0.3,2167.34,29.37
ORD-2851,2024-11-05,East,Office Supplies,Binders,Customer_92,1,0.0,165.6,50.41
ORD-2852,2024-03-07,South,Office Supplies,Storage,Customer_26,3,0.2,1137.86,176.89
ORD-2853,2023-11-10,West,Office Supplies,Paper,Customer_6,8,0.4,1786.27,-333.6
ORD-2854,2024-08-30,South,Technology,Copiers,Customer_122,4,0.15,503.17,110.2
ORD-2855,2024-01-18,North,Office Supplies,Art,Customer_77,1,0.1,13.54,2.5
ORD-2856,2024-06-03,East,Office Supplies,Art,Customer_69,10,0.3,2492.42,-7.96
ORD-2857,2024-08-30,East,Furniture,Tables,Customer_77,10,0.1,4456.35,283.26
ORD-2858,2024-08-04,West,Furniture,Bookcases,Customer_14,2,0.15,300.2,-13.9
ORD-2859,2023-05-25,North,Office Supplies,Art,Customer_43,8,0.0,1815.76,232.99
ORD-2860,2024-11-05,West,Furniture,Tables,Customer_78,5,0.0,891.3,267.72
ORD-2861,2023-07-09,West,Furniture,Furnishings,Customer_24,12,0.1,5058.61,130.11
ORD-2862,2023-06-07,North,Furniture,Furnishings,Customer_41,6,0.0,1155.18,379.58
ORD-2863,2024-04-27,South,Technology,Machines,Customer_121,11,0.3,310.23,-50.35
ORD-2864,2024-04-19,West,Furniture,Furnishings,Customer_33,6,0.0,538.62,123.11
ORD-2865,2024-02-14,North,Office Supplies,Art,Customer_101,9,0.0,753.57,256.53
ORD-2866,2023-12-22,South,Technology,Phones,Customer_57,10,0.0,2288.9,458.82
ORD-2867,2023-08-29,North,Office Supplies,Storage,Customer_129,1,0.3,91.6,-4.46
ORD-2868,2023-03-21,West,Furniture,Furnishings,Customer_49,1,0.1,300.91,58.78
ORD-2869,2023-11-06,South,Furniture,Bookcases,Customer_99,11,0.0,4173.4,932.2
ORD-2870,2024-03-11,West,Office Supplies,Storage,Customer_100,11,0.4,2990.72,-74.1
ORD-2871,2023-02-05,North,Office Supplies,Paper,Customer_42,7,0.0,2666.65,177.82
ORD-2872,2024-04-21,East,Office Supplies,Binders,Customer_104,1,0.0,13.37,1.52
ORD-2873,2023-11-23,West,Technology,Copiers,Customer_117,1,0.4,201.08,-29.49
ORD-2874,2024-10-31,South,Office Supplies,Binders,Customer_78,7,0.15,1232.72,240.84
ORD-2875,2024-10-11,East,Technology,Copiers,Customer_129,6,0.4,1615.79,4.45
ORD-2876,2024-12-30,North,Technology,Accessories,Customer_29,3,0.3,343.98,5.96
ORD-2877,2024-06-28,South,Technology,Phones,Customer_39,1,0.2,114.48,-6.05
ORD-2878,2024-12-25,North,Furniture,Furnishings,Customer_112,1,0.4,60.28,-10.09
ORD-2879,2023-10-16,East,Furniture,Furnishings,Customer_118,6,0.0,1324.08,396.28
ORD-2880,2024-09-05,North,Office Supplies,Art,Customer_87,11,0.15,642.81,96.73
ORD-2881,2023-01-25,North,Furniture,Bookcases,Customer_92,7,0.0,1892.87,258.16
ORD-2882,2024-04-02,North,Office Supplies,Binders,Customer_29,6,0.0,1508.88,211.22
ORD-2883,2024-06-28,South,Furniture,Tables,Customer_22,9,0.0,2718.72,489.79
ORD-2884,2023-05-10,West,Technology,Copiers,Customer_111,5,0.2,362.24,-27.18
ORD-2885,2024-04-14,West,Technology,Copiers,Customer_11,2,0.2,444.61,71.46
ORD-2886,2024-01-17,East,Furniture,Chairs,Customer_98,9,0.0,1606.86,433.69
ORD-2887,2023-12-12,North,Office Supplies,Art,Customer_6,3,0.15,848.49,177.73
ORD-2888,2024-10-30,East,Office Supplies,Binders,Customer_50,10,0.15,3504.38,350.37
ORD-2889,2023-11-07,West,Technology,Phones,Customer_96,10,0.4,1991.64,-0.96
ORD-2890,2023-08-09,South,Office Supplies,Paper,Customer_71,9,0.0,1851.84,274.14
ORD-2891,2024-09-11,South,Furniture,Bookcases,Customer_70,1,0.3,10.71,0.62
ORD-2892,2023-08-01,East,Office Supplies,Paper,Customer_71,5,0.4,1207.44,-288.17
ORD-2893,2024-09-05,North,Furniture,Tables,Customer_58,1,0.2,234.13,6.84
ORD-2894,2023-08-15,East,Technology,Accessories,Customer_118,10,0.3,477.19,49.71
ORD-2895,2024-10-12,North,Technology,Copiers,Customer_122,9,0.0,1036.8,72.75
ORD-2896,2023-12-18,North,Office Supplies,Storage,Customer_114,3,0.4,542.66,-26.23
ORD-2897,2024-05-25,West,Technology,Machines,Customer_100,5,0.3,90.65,0.69
ORD-2898,2023-02-03,East,Technology,Copiers,Customer_144,6,0.0,1624.92,131.59
ORD-2899,2023-08-01,North,Office Supplies,Storage,Customer_81,8,0.4,453.79,-45.2
ORD-2900,2023-01-31,West,Technology,Machines,Customer_91,10,0.3,1086.54,99.41
ORD-2901,2024-03-01,East,Office Supplies,Art,Customer_61,7,0.0,2878.26,993.2
ORD-2902,2024-01-23,East,Furniture,Furnishings,Customer_56,4,0.0,548.96,187.15
ORD-2903,2024-08-07,North,Furniture,Tables,Customer_103,9,0.3,1394.19,-119.54
ORD-2904,2023-12-27,West,Office Supplies,Storage,Customer_82,6,0.0,208.02,13.69
ORD-2905,2024-11-11,North,Technology,Copiers,Customer_58,7,0.4,1466.18,-194.45
ORD-2906,2024-04-20,North,Office Supplies,Paper,Customer_46,7,0.15,719.95,151.33
ORD-2907,2023-01-04,North,Office Supplies,Paper,Customer_26,7,0.3,656.11,-10.96
ORD-2908,2024-03-04,South,Furniture,Chairs,Customer_58,3,0.0,558.03,165.77
ORD-2909,2024-09-05,South,Furniture,Bookcases,Customer_64,3,0.4,741.85,-94.06
ORD-2910,2024-12-01,East,Office Supplies,Binders,Customer_100,9,0.1,1473.39,116.06
ORD-2911,2023-06-15,South,Office Supplies,Paper,Customer_45,8,0.1,2914.56,199.51
ORD-2912,2023-11-27,West,Office Supplies,Binders,Customer_8,4,0.4,269.86,-66.01
ORD-2913,2024-04-15,West,Technology,Copiers,Customer_62,3,0.4,429.62,-53.86
ORD-2914,2024-05-27,East,Technology,Accessories,Customer_41,4,0.4,1012.92,-206.26
ORD-2915,2023-03-13,East,Technology,Phones,Customer_105,9,0.4,1062.13,-29.19
ORD-2916,2024-01-30,East,Office Supplies,Storage,Customer_138,2,0.0,827.16,136.8
ORD-2917,2024-03-25,South,Technology,Phones,Customer_75,7,0.0,1644.79,231.89
ORD-2918,2024-01-08,South,Technology,Copiers,Customer_110,2,0.0,933.9,79.94
ORD-2919,2023-05-30,North,Technology,Phones,Customer_44,6,0.3,1963.67,29.77
ORD-2920,2024-11-03,North,Furniture,Tables,Customer_124,4,0.15,919.6,-55.36
ORD-2921,2023-04-10,North,Technology,Phones,Customer_118,12,0.4,1749.89,-258.42
ORD-2922,2023-09-08,North,Office Supplies,Storage,Customer_114,6,0.4,320.4,-23.41
ORD-2923,2024-12-17,North,Technology,Accessories,Customer_10,3,0.0,1457.58,318.71
ORD-2924,2024-06-18,North,Furniture,Tables,Customer_95,10,0.2,2881.84,-257.82
ORD-2925,2024-12-31,North,Office Supplies,Paper,Customer_146,11,0.15,2007.07,-70.43
ORD-2926,2024-05-01,South,Technology,Accessories,Customer_40,12,0.0,3723.24,1234.42
ORD-2927,2023-05-31,North,Office Supplies,Storage,Customer_59,1,0.1,300.84,-2.09
ORD-2928,2024-08-20,North,Furniture,Chairs,Customer_67,6,0.3,771.92,-19.14
ORD-2929,2024-05-03,West,Office Supplies,Paper,Customer_129,6,0.2,996.34,139.58
ORD-2930,2024-01-23,South,Technology,Machines,Customer_135,8,0.0,3273.52,764.53
ORD-2931,2024-05-10,South,Furniture,Chairs,Customer_88,4,0.15,656.17,4.33
ORD-2932,2023-07-31,West,Furniture,Bookcases,Customer_31,11,0.1,612.61,46.85
ORD-2933,2024-01-01,South,Office Supplies,Binders,Customer_135,4,0.1,764.82,132.12
ORD-2934,2024-01-08,East,Office Supplies,Binders,Customer_85,9,0.0,2992.5,212.56
ORD-2935,2023-10-05,East,Furniture,Furnishings,Customer_146,9,0.1,1649.81,40.48
ORD-2936,2023-09-08,North,Technology,Machines,Customer_63,4,0.4,208.42,-4.55
ORD-2937,2023-07-01,East,Technology,Accessories,Customer_142,5,0.0,152.7,26.84
ORD-2938,2023-07-14,East,Furniture,Bookcases,Customer_16,4,0.1,332.71,77.79
ORD-2939,2023-09-07,South,Office Supplies,Binders,Customer_138,1,0.2,226.36,-9.19
ORD-2940,2024-10-11,East,Furniture,Furnishings,Customer_30,8,0.0,2049.52,552.23
ORD-2941,2024-05-02,West,Furniture,Tables,Customer_125,5,0.0,2397.4,278.42
ORD-2942,2024-08-18,South,Furniture,Furnishings,Customer_50,10,0.4,2665.38,27.43
ORD-2943,2023-01-01,North,Office Supplies,Storage,Customer_127,11,0.0,5049.55,1215.04
ORD-2944,2023-12-03,South,Technology,Accessories,Customer_77,5,0.1,1433.75,130.42
ORD-2945,2023-12-16,North,Technology,Accessories,Customer_113,2,0.0,757.34,158.58
ORD-2946,2024-05-14,East,Office Supplies,Art,Customer_127,3,0.0,1025.82,183.15
ORD-2947,2023-03-09,South,Technology,Accessories,Customer_25,8,0.2,2357.95,323.84
ORD-2948,2024-10-15,West,Furniture,Chairs,Customer_60,4,0.15,277.95,50.0
ORD-2949,2024-05-28,North,Office Supplies,Art,Customer_27,11,0.15,2568.91,471.14
ORD-2950,2024-09-16,West,Technology,Machines,Customer_83,3,0.1,597.62,50.03
ORD-2951,2024-02-10,West,Furniture,Tables,Customer_84,9,0.4,2475.25,-481.81
ORD-2952,2024-10-31,South,Technology,Accessories,Customer_59,5,0.4,1270.98,-158.61
ORD-2953,2023-11-07,North,Furniture,Bookcases,Customer_86,12,0.2,2514.34,-43.9
ORD-2954,2023-11-19,South,Office Supplies,Art,Customer_145,7,0.3,1424.87,-131.71
ORD-2955,2023-01-06,South,Furniture,Furnishings,Customer_91,11,0.0,321.64,42.33
ORD-2956,2024-04-12,North,Furniture,Tables,Customer_54,11,0.15,122.77,27.44
ORD-2957,2023-10-29,North,Furniture,Bookcases,Customer_110,7,0.2,2706.03,23.13
ORD-2958,2024-07-25,West,Furniture,Furnishings,Customer_71,2,0.0,733.8,112.82
ORD-2959,2023-09-06,West,Office Supplies,Art,Customer_121,1,0.3,237.19,12.25
ORD-2960,2024-12-05,South,Furniture,Bookcases,Customer_97,1,0.0,473.91,80.59
ORD-2961,2023-02-27,North,Office Supplies,Storage,Customer_113,5,0.0,1969.1,255.55
ORD-2962,2024-04-28,West,Technology,Phones,Customer_84,12,0.3,4160.18,-758.27
ORD-2963,2023-06-05,West,Technology,Accessories,Customer_147,4,0.0,1222.92,303.1
ORD-2964,2024-03-24,West,Office Supplies,Storage,Customer_143,9,0.15,2655.62,-89.98
ORD-2965,2024-12-07,East,Furniture,Chairs,Customer_81,6,0.4,1691.57,-364.78
ORD-2966,2023-08-08,West,Office Supplies,Art,Customer_59,8,0.2,2016.96,-87.13
ORD-2967,2023-12-08,West,Technology,Accessories,Customer_66,10,0.0,1605.4,343.46
ORD-2968,2023-05-24,East,Technology,Copiers,Customer_110,7,0.4,900.56,-199.86
ORD-2969,2023-02-19,East,Technology,Accessories,Customer_5,10,0.3,656.32,-42.37
ORD-2970,2023-02-02,North,Technology,Copiers,Customer_73,10,0.2,3048.56,485.91
ORD-2971,2024-10-11,East,Technology,Phones,Customer_145,2,0.0,102.44,17.2
ORD-2972,2024-06-28,West,Technology,Phones,Customer_147,8,0.1,425.66,-10.65
ORD-2973,2023-03-16,South,Office Supplies,Art,Customer_116,12,0.0,4010.88,925.45
ORD-2974,2024-10-28,North,Furniture,Tables,Customer_148,6,0.4,323.57,-64.67
ORD-2975,2024-06-24,South,Furniture,Furnishings,Customer_148,5,0.0,108.1,32.48
ORD-2976,2024-09-30,South,Furniture,Chairs,Customer_58,6,0.3,2047.92,-305.88
ORD-2977,2023-06-04,North,Furniture,Bookcases,Customer_137,8,0.1,888.62,204.85
ORD-2978,2024-08-11,North,Technology,Machines,Customer_49,3,0.1,1252.72,120.12
ORD-2979,2023-11-12,West,Furniture,Chairs,Customer_137,10,0.0,348.1,21.52
ORD-2980,2023-05-11,North,Furniture,Bookcases,Customer_81,4,0.1,1048.46,92.13
ORD-2981,2023-07-26,North,Furniture,Furnishings,Customer_70,4,0.1,86.54,12.55
ORD-2982,2023-12-30,East,Furniture,Furnishings,Customer_32,7,0.0,108.78,31.13
ORD-2983,2024-03-30,West,Office Supplies,Binders,Customer_115,8,0.3,896.84,-159.57
ORD-2984,2023-07-23,West,Office Supplies,Binders,Customer_24,3,0.0,894.87,151.51
ORD-2985,2023-06-16,West,Furniture,Furnishings,Customer_92,12,0.2,4676.74,249.08
ORD-2986,2024-03-01,West,Furniture,Chairs,Customer_130,6,0.4,521.53,-29.82
ORD-2987,2023-09-19,East,Office Supplies,Binders,Customer_2,7,0.3,700.85,56.96
ORD-2988,2024-02-14,East,Office Supplies,Storage,Customer_80,2,0.3,271.05,-6.79
ORD-2989,2024-10-29,North,Furniture,Chairs,Customer_100,8,0.0,278.24,137.75
ORD-2990,2023-10-09,North,Furniture,Tables,Customer_64,3,0.0,1253.58,365.66
ORD-2991,2023-05-12,West,Furniture,Furnishings,Customer_10,1,0.1,107.93,4.08
ORD-2992,2024-11-07,North,Office Supplies,Art,Customer_41,7,0.0,2873.36,945.68
ORD-2993,2023-06-28,West,Technology,Machines,Customer_94,2,0.0,113.46,20.99
ORD-2994,2023-01-31,South,Furniture,Bookcases,Customer_104,11,0.2,1543.08,233.32
ORD-2995,2023-09-29,North,Furniture,Chairs,Customer_85,1,0.4,30.56,-6.32
ORD-2996,2023-02-05,West,Office Supplies,Binders,Customer_139,7,0.0,2650.97,173.34
ORD-2997,2023-06-11,East,Furniture,Bookcases,Customer_58,2,0.3,351.88,-20.19
ORD-2998,2023-03-09,East,Office Supplies,Art,Customer_107,9,0.4,938.84,-142.35
ORD-2999,2023-05-18,East,Office Supplies,Art,Customer_121,5,0.0,1348.35,132.69
